planet,station_retro_date,sign_at_station_retro,deg_at_station_retro,station_direct_date,sign_at_station_direct,deg_at_station_direct,arc_retrograded
Mercury,1900-03-16,Pisces,16.6364,1900-04-08,Pisces,4.0822,12.55
Jupiter,1900-03-28,Scorpio,18.4002,1900-07-29,Scorpio,8.5410,9.86
Saturn,1900-04-14,Sagittarius,12.5686,1900-09-03,Sagittarius,5.9591,6.61
Venus,1900-06-17,Cancer,1.5231,1900-07-30,Gemini,15.0295,16.49
Mercury,1900-07-19,Cancer,22.7416,1900-08-12,Cancer,11.3737,11.37
Mercury,1900-11-10,Scorpio,13.7906,1900-11-30,Libra,27.6742,16.12
Mars,1901-01-13,Leo,20.0677,1901-04-04,Leo,0.5818,19.49
Mercury,1901-02-27,Aquarius,29.5399,1901-03-21,Aquarius,15.6512,13.89
Saturn,1901-04-26,Sagittarius,23.9097,1901-09-15,Sagittarius,17.2982,6.61
Jupiter,1901-05-01,Sagittarius,20.5751,1901-08-31,Sagittarius,10.7378,9.84
Mercury,1901-06-30,Cancer,3.5082,1901-07-24,Gemini,23.4607,10.05
Mercury,1901-10-25,Libra,27.8478,1901-11-14,Libra,11.9883,15.86
Venus,1902-01-25,Aquarius,10.8619,1902-03-08,Capricorn,25.0486,15.81
Mercury,1902-02-10,Aquarius,12.9493,1902-03-04,Capricorn,28.0182,14.93
Saturn,1902-05-08,Capricorn,5.3063,1902-09-26,Sagittarius,28.6841,6.62
Jupiter,1902-06-06,Capricorn,24.7607,1902-10-04,Capricorn,14.9126,9.85
Mercury,1902-06-11,Gemini,13.6418,1902-07-05,Gemini,4.6881,8.95
Mercury,1902-10-08,Libra,11.8444,1902-10-29,Virgo,26.2709,15.57
Mercury,1903-01-25,Capricorn,26.5820,1903-02-15,Capricorn,11.0178,15.56
Mars,1903-02-19,Virgo,23.7757,1903-05-10,Virgo,4.9333,18.84
Saturn,1903-05-20,Capricorn,16.8142,1903-10-08,Capricorn,10.1745,6.64
Mercury,1903-05-23,Taurus,23.5655,1903-06-16,Taurus,15.0540,8.51
Jupiter,1903-07-14,Pisces,0.7969,1903-11-10,Aquarius,20.9027,9.89
Venus,1903-08-28,Virgo,9.2108,1903-10-09,Leo,23.1463,16.06
Mercury,1903-09-21,Virgo,25.5329,1903-10-13,Virgo,10.4553,15.08
Mercury,1904-01-08,Capricorn,10.5549,1904-01-29,Sagittarius,24.5049,16.05
Mercury,1904-05-02,Taurus,3.8843,1904-05-26,Aries,24.8536,9.03
Saturn,1904-06-01,Capricorn,28.4841,1904-10-19,Capricorn,21.8189,6.67
Jupiter,1904-08-20,Aries,7.6889,1904-12-16,Pisces,27.7134,9.98
Mercury,1904-09-03,Virgo,8.7906,1904-09-25,Leo,24.3622,14.43
Mercury,1904-12-22,Sagittarius,24.6032,1905-01-11,Sagittarius,8.3437,16.26
Mars,1905-04-03,Scorpio,2.5741,1905-06-17,Libra,15.7914,16.78
Venus,1905-04-06,Aries,22.1725,1905-05-19,Aries,5.7488,16.42
Mercury,1905-04-13,Aries,14.9180,1905-05-07,Aries,4.6784,10.24
Saturn,1905-06-14,Aquarius,10.3613,1905-10-31,Aquarius,3.6635,6.70
Mercury,1905-08-16,Leo,21.5234,1905-09-09,Leo,8.0954,13.43
Jupiter,1905-09-26,Taurus,13.9674,1906-01-22,Taurus,3.9200,10.05
Mercury,1905-12-06,Sagittarius,8.7423,1905-12-26,Scorpio,22.4526,16.29
Mercury,1906-03-26,Pisces,26.7773,1906-04-19,Pisces,15.0268,11.75
Saturn,1906-06-27,Aquarius,22.4867,1906-11-13,Aquarius,15.7516,6.74
Mercury,1906-07-30,Leo,3.4754,1906-08-22,Cancer,21.2597,12.22
Jupiter,1906-10-30,Gemini,18.5161,1907-02-26,Gemini,8.4428,10.07
Venus,1906-11-10,Scorpio,22.1763,1906-12-21,Scorpio,6.9064,15.27
Mercury,1906-11-20,Scorpio,22.9030,1906-12-10,Scorpio,6.7040,16.20
Mercury,1907-03-09,Pisces,9.3408,1907-04-01,Aquarius,26.1387,13.20
Mars,1907-06-05,Sagittarius,26.3386,1907-08-09,Sagittarius,14.4190,11.92
Saturn,1907-07-10,Pisces,4.8942,1907-11-25,Aquarius,28.1179,6.78
Mercury,1907-07-11,Cancer,14.6882,1907-08-05,Cancer,3.8815,10.81
Mercury,1907-11-04,Scorpio,7.0184,1907-11-24,Libra,21.0183,16.00
Jupiter,1907-12-01,Cancer,21.0440,1908-03-31,Cancer,10.9941,10.05
Mercury,1908-02-20,Aquarius,22.4783,1908-03-13,Aquarius,8.0487,14.43
Venus,1908-06-15,Gemini,29.2658,1908-07-28,Gemini,12.7784,16.49
Mercury,1908-06-22,Gemini,25.1015,1908-07-16,Gemini,15.6018,9.50
Saturn,1908-07-23,Pisces,17.6067,1908-12-07,Pisces,10.7895,6.82
Mercury,1908-10-17,Libra,21.1132,1908-11-07,Libra,5.3358,15.78
Jupiter,1908-12-31,Leo,21.9397,1909-05-02,Leo,11.9443,10.00
Mercury,1909-02-03,Aquarius,5.9476,1909-02-24,Capricorn,20.7050,15.24
Mercury,1909-06-03,Gemini,5.0781,1909-06-27,Taurus,26.4489,8.63
Saturn,1909-08-05,Aries,0.6372,1909-12-20,Pisces,23.7786,6.86
Mars,1909-08-23,Pisces,14.2032,1909-10-24,Pisces,2.8556,11.35
Mercury,1909-09-30,Libra,4.9754,1909-10-22,Virgo,19.5868,15.39
Mercury,1910-01-17,Capricorn,19.7966,1910-02-07,Capricorn,3.9282,15.87
Venus,1910-01-23,Aquarius,8.3213,1910-03-05,Capricorn,22.5249,15.80
Jupiter,1910-01-30,Virgo,21.9512,1910-06-02,Virgo,12.0127,9.94
Mercury,1910-05-14,Taurus,15.1347,1910-06-07,Taurus,6.4930,8.64
Saturn,1910-08-20,Aries,13.9771,1911-01-02,Aries,7.0820,6.90
Mercury,1910-09-13,Virgo,18.5069,1910-10-05,Virgo,3.6121,14.89
Mercury,1911-01-01,Capricorn,3.7637,1911-01-22,Sagittarius,17.6424,16.12
Jupiter,1911-03-01,Libra,21.9392,1911-07-03,Libra,12.0486,9.89
Mercury,1911-04-25,Aries,25.7018,1911-05-19,Aries,16.2541,9.45
Venus,1911-08-25,Virgo,6.8564,1911-10-07,Leo,20.7668,16.09
Mercury,1911-08-27,Virgo,1.5438,1911-09-19,Leo,17.4946,14.05
Saturn,1911-09-03,Aries,27.6053,1912-01-16,Aries,20.6780,6.93
Mars,1911-10-18,Taurus,18.3402,1911-12-30,Taurus,1.6822,16.66
Mercury,1911-12-16,Sagittarius,17.8530,1912-01-05,Sagittarius,1.5727,16.28
Jupiter,1912-04-02,Scorpio,22.7658,1912-08-03,Scorpio,12.9139,9.85
Mercury,1912-04-05,Aries,7.1155,1912-04-29,Pisces,26.2500,10.87
Mercury,1912-08-09,Leo,13.9157,1912-09-01,Leo,0.9783,12.94
Saturn,1912-09-16,Taurus,11.4746,1913-01-29,Taurus,4.5223,6.95
Mercury,1912-11-29,Sagittarius,2.0003,1912-12-19,Scorpio,15.7595,16.24
Mercury,1913-03-19,Pisces,19.2488,1913-04-11,Pisces,6.9111,12.34
Venus,1913-04-04,Aries,19.8437,1913-05-16,Aries,3.4321,16.41
Jupiter,1913-05-06,Sagittarius,25.1922,1913-09-05,Sagittarius,15.3541,9.84
Mercury,1913-07-22,Cancer,25.5748,1913-08-15,Cancer,13.9873,11.59
Saturn,1913-10-01,Taurus,25.5204,1914-02-12,Taurus,18.5526,6.97
Mercury,1913-11-13,Scorpio,16.1555,1913-12-03,Scorpio,0.0566,16.10
Mars,1913-11-27,Cancer,1.9069,1914-02-13,Gemini,13.0134,18.89
Mercury,1914-03-01,Pisces,2.1431,1914-03-24,Aquarius,18.3550,13.79
Jupiter,1914-06-11,Capricorn,29.6308,1914-10-09,Capricorn,19.7788,9.85
Mercury,1914-07-03,Cancer,6.4516,1914-07-28,Gemini,26.2487,10.20
Saturn,1914-10-15,Gemini,9.6660,1915-02-26,Gemini,2.6919,6.97
Mercury,1914-10-27,Scorpio,0.3121,1914-11-17,Libra,14.3785,15.93
Venus,1914-11-07,Scorpio,19.6165,1914-12-18,Scorpio,4.3061,15.31
Mercury,1915-02-13,Aquarius,15.4000,1915-03-07,Aquarius,0.6213,14.78
Mercury,1915-06-14,Gemini,16.6535,1915-07-09,Gemini,7.6034,9.05
Jupiter,1915-07-19,Pisces,5.8309,1915-11-15,Aquarius,25.9259,9.90
Mercury,1915-10-11,Libra,14.2557,1915-11-01,Virgo,28.6698,15.59
Saturn,1915-10-30,Gemini,23.8229,1916-03-12,Gemini,16.8542,6.97
Mars,1916-01-01,Leo,7.1336,1916-03-22,Cancer,17.6401,19.49
Mercury,1916-01-27,Capricorn,29.0842,1916-02-18,Capricorn,13.5407,15.54
Mercury,1916-05-25,Taurus,26.5761,1916-06-18,Taurus,18.0339,8.54
Venus,1916-06-12,Gemini,27.0365,1916-07-25,Gemini,10.5139,16.52
Jupiter,1916-08-25,Aries,12.7114,1916-12-21,Aries,2.7231,9.99
Mercury,1916-09-23,Virgo,27.9983,1916-10-14,Virgo,12.7730,15.23
Saturn,1916-11-12,Cancer,7.9035,1917-03-26,Cancer,0.9484,6.96
Mercury,1917-01-10,Capricorn,12.9588,1917-01-31,Sagittarius,26.9658,15.99
Mercury,1917-05-06,Taurus,6.7595,1917-05-30,Aries,27.9182,8.84
Mercury,1917-09-06,Virgo,11.3326,1917-09-28,Leo,26.7957,14.54
Jupiter,1917-10-01,Taurus,18.8058,1918-01-27,Taurus,8.7533,10.05
Saturn,1917-11-26,Cancer,21.8261,1918-04-10,Cancer,14.8944,6.93
Mercury,1917-12-25,Sagittarius,26.9841,1918-01-14,Sagittarius,10.7513,16.23
Venus,1918-01-20,Aquarius,5.7958,1918-03-03,Capricorn,20.0280,15.77
Mars,1918-02-04,Virgo,10.3449,1918-04-26,Leo,21.1329,19.21
Mercury,1918-04-17,Aries,17.6640,1918-05-10,Aries,7.6685,10.00
Mercury,1918-08-19,Leo,24.1671,1918-09-12,Leo,10.5914,13.58
Jupiter,1918-11-04,Gemini,23.0991,1919-03-03,Gemini,13.0269,10.07
Mercury,1918-12-09,Sagittarius,11.1042,1918-12-29,Scorpio,24.8379,16.27
Saturn,1918-12-10,Leo,5.5211,1919-04-24,Cancer,28.6178,6.90
Mercury,1919-03-29,Pisces,29.4447,1919-04-22,Pisces,17.9204,11.52
Mercury,1919-08-02,Leo,6.2323,1919-08-25,Cancer,23.8133,12.42
Venus,1919-08-23,Virgo,4.4938,1919-10-04,Leo,18.3832,16.11
Mercury,1919-11-23,Scorpio,25.2617,1919-12-13,Scorpio,9.0900,16.17
Jupiter,1919-12-05,Cancer,25.4002,1920-04-04,Cancer,15.3569,10.04
Saturn,1919-12-23,Leo,18.9373,1920-05-07,Leo,12.0666,6.87
Mercury,1920-03-11,Pisces,11.9118,1920-04-03,Aquarius,28.9192,12.99
Mars,1920-03-15,Libra,16.3518,1920-06-01,Virgo,28.4974,17.85
Mercury,1920-07-14,Cancer,17.5193,1920-08-07,Cancer,6.5279,10.99
Mercury,1920-11-06,Scorpio,9.3827,1920-11-26,Libra,23.4107,15.97
Jupiter,1921-01-04,Leo,26.1573,1921-05-06,Leo,16.1691,9.99
Saturn,1921-01-04,Virgo,2.0444,1921-05-21,Leo,25.2098,6.83
Mercury,1921-02-22,Aquarius,24.9751,1921-03-16,Aquarius,10.7136,14.26
Venus,1921-04-01,Aries,17.5152,1921-05-14,Aries,1.1125,16.40
Mercury,1921-06-25,Gemini,28.0787,1921-07-19,Gemini,18.3880,9.69
Mercury,1921-10-20,Libra,23.5151,1921-11-09,Libra,7.6402,15.87
Saturn,1922-01-17,Virgo,14.8363,1922-06-04,Virgo,8.0403,6.80
Jupiter,1922-02-03,Virgo,26.1249,1922-06-06,Virgo,16.1949,9.93
Mercury,1922-02-05,Aquarius,8.4662,1922-02-27,Capricorn,23.2666,15.20
Mars,1922-05-08,Sagittarius,2.4990,1922-07-17,Scorpio,18.3277,14.17
Mercury,1922-06-06,Gemini,8.1027,1922-06-30,Taurus,29.3634,8.74
Mercury,1922-10-03,Libra,7.4168,1922-10-24,Virgo,21.8872,15.53
Venus,1922-11-05,Scorpio,17.0449,1922-12-16,Scorpio,1.7376,15.31
Mercury,1923-01-20,Capricorn,22.2115,1923-02-10,Capricorn,6.4174,15.79
Saturn,1923-01-30,Virgo,27.3270,1923-06-17,Virgo,20.5687,6.76
Jupiter,1923-03-06,Libra,26.1549,1923-07-07,Libra,16.2720,9.88
Mercury,1923-05-18,Taurus,18.0714,1923-06-10,Taurus,9.5120,8.56
Mercury,1923-09-16,Virgo,20.9978,1923-10-08,Virgo,6.0107,14.99
Mercury,1924-01-04,Capricorn,6.1477,1924-01-24,Sagittarius,20.0189,16.13
Saturn,1924-02-11,Libra,9.5412,1924-06-29,Libra,2.8173,6.72
Jupiter,1924-04-06,Scorpio,27.1048,1924-08-07,Scorpio,17.2530,9.85
Mercury,1924-04-27,Aries,28.5759,1924-05-21,Aries,19.2788,9.30
Venus,1924-06-10,Gemini,24.7802,1924-07-23,Gemini,8.2589,16.52
Mars,1924-07-24,Aquarius,12.5091,1924-09-22,Aquarius,2.5279,9.98
Mercury,1924-08-29,Virgo,4.1158,1924-09-21,Leo,19.9460,14.17
Mercury,1924-12-18,Sagittarius,20.2180,1925-01-07,Sagittarius,3.9723,16.25
Saturn,1925-02-22,Libra,21.5058,1925-07-12,Libra,14.8125,6.69
Mercury,1925-04-08,Aries,9.8529,1925-05-02,Pisces,29.2074,10.65
Jupiter,1925-05-11,Sagittarius,29.7073,1925-09-09,Sagittarius,19.8692,9.84
Mercury,1925-08-12,Leo,16.6001,1925-09-04,Leo,3.4885,13.11
Mercury,1925-12-02,Sagittarius,4.3570,1925-12-22,Scorpio,18.1476,16.21
Venus,1926-01-18,Aquarius,3.2495,1926-02-28,Capricorn,17.5137,15.74
Saturn,1926-03-06,Scorpio,3.2554,1926-07-24,Libra,26.5867,6.67
Mercury,1926-03-22,Pisces,21.8745,1926-04-14,Pisces,9.7558,12.12
Jupiter,1926-06-16,Aquarius,4.3420,1926-10-14,Capricorn,24.4843,9.86
Mercury,1926-07-25,Cancer,28.3930,1926-08-18,Cancer,16.5891,11.80
Mars,1926-09-29,Aries,26.6273,1926-12-07,Aries,11.6926,14.93
Mercury,1926-11-16,Scorpio,18.5100,1926-12-05,Scorpio,2.3527,16.16
Mercury,1927-03-04,Pisces,4.6761,1927-03-27,Aquarius,21.0769,13.60
Saturn,1927-03-18,Scorpio,14.8314,1927-08-06,Scorpio,8.1816,6.65
Mercury,1927-07-06,Cancer,9.3817,1927-07-31,Gemini,28.9587,10.42
Jupiter,1927-07-25,Pisces,10.6781,1927-11-20,Pisces,0.7648,9.91
Venus,1927-08-20,Virgo,2.1543,1927-10-02,Leo,16.0163,16.14
Mercury,1927-10-30,Scorpio,2.6986,1927-11-19,Libra,16.6628,16.04
Mercury,1928-02-16,Aquarius,17.8557,1928-03-09,Aquarius,3.2393,14.62
Saturn,1928-03-29,Scorpio,26.2804,1928-08-17,Scorpio,19.6428,6.64
Mercury,1928-06-17,Gemini,19.6222,1928-07-11,Gemini,10.4373,9.18
Jupiter,1928-08-30,Aries,17.5653,1928-12-26,Aries,7.5689,10.00
Mercury,1928-10-13,Libra,16.6588,1928-11-02,Libra,0.9522,15.71
Mars,1928-11-12,Gemini,16.4300,1929-01-28,Taurus,28.1316,18.30
Mercury,1929-01-29,Aquarius,1.5176,1929-02-20,Capricorn,16.0768,15.44
Venus,1929-03-30,Aries,15.1759,1929-05-12,Pisces,28.7955,16.38
Saturn,1929-04-10,Sagittarius,7.6530,1929-08-29,Sagittarius,1.0215,6.63
Mercury,1929-05-28,Taurus,29.5777,1929-06-21,Taurus,20.9996,8.58
Mercury,1929-09-26,Libra,0.4586,1929-10-17,Virgo,15.1683,15.29
Jupiter,1929-10-05,Taurus,23.5331,1930-01-31,Taurus,13.4721,10.06
Mercury,1930-01-13,Capricorn,15.3550,1930-02-03,Sagittarius,29.4336,15.92
Saturn,1930-04-22,Sagittarius,19.0016,1930-09-10,Sagittarius,12.3705,6.63
Mercury,1930-05-09,Taurus,9.6997,1930-06-02,Taurus,0.9326,8.77
Mercury,1930-09-09,Virgo,13.8666,1930-10-01,Leo,29.2314,14.64
Venus,1930-11-02,Scorpio,14.4965,1930-12-13,Libra,29.1429,15.35
Jupiter,1930-11-08,Gemini,27.6260,1931-03-07,Gemini,17.5543,10.07
Mars,1930-12-19,Cancer,23.9153,1931-03-09,Cancer,4.5402,19.38
Mercury,1930-12-28,Sagittarius,29.3579,1931-01-17,Sagittarius,13.1675,16.19
Mercury,1931-04-20,Aries,20.4914,1931-05-14,Aries,10.7137,9.78
Saturn,1931-05-04,Capricorn,0.3810,1931-09-22,Sagittarius,23.7440,6.64
Mercury,1931-08-22,Leo,26.7875,1931-09-14,Leo,12.9817,13.81
Jupiter,1931-12-10,Cancer,29.7300,1932-04-09,Cancer,19.6927,10.04
Mercury,1931-12-12,Sagittarius,13.4625,1932-01-01,Scorpio,27.2353,16.23
Mercury,1932-03-31,Aries,2.1369,1932-04-24,Pisces,20.8403,11.30
Saturn,1932-05-15,Capricorn,11.8466,1932-10-03,Capricorn,5.1969,6.65
Venus,1932-06-08,Gemini,22.5114,1932-07-21,Gemini,6.0052,16.51
Mercury,1932-08-04,Leo,8.9641,1932-08-27,Cancer,26.3485,12.62
Mercury,1932-11-25,Scorpio,27.6157,1932-12-14,Scorpio,11.3963,16.22
Jupiter,1933-01-08,Virgo,0.3436,1933-05-10,Leo,20.3623,9.98
Mars,1933-01-21,Leo,27.3583,1933-04-12,Leo,7.9351,19.42
Mercury,1933-03-14,Pisces,14.4948,1933-04-06,Pisces,1.7156,12.78
Saturn,1933-05-27,Capricorn,23.4505,1933-10-15,Capricorn,16.7819,6.67
Mercury,1933-07-17,Cancer,20.3789,1933-08-10,Cancer,9.1644,11.21
Mercury,1933-11-08,Scorpio,11.8338,1933-11-28,Libra,25.6899,16.14
Venus,1934-01-15,Aquarius,0.7036,1934-02-26,Capricorn,15.0083,15.70
Jupiter,1934-02-07,Libra,0.2555,1934-06-11,Virgo,20.3310,9.92
Mercury,1934-02-25,Aquarius,27.4748,1934-03-19,Aquarius,13.3891,14.09
Saturn,1934-06-09,Aquarius,5.2405,1934-10-27,Capricorn,28.5485,6.69
Mercury,1934-06-28,Cancer,1.0529,1934-07-22,Gemini,21.1679,9.88
Mercury,1934-10-23,Libra,25.9033,1934-11-12,Libra,10.0020,15.90
Mercury,1935-02-08,Aquarius,10.9194,1935-03-02,Capricorn,25.8398,15.08
Mars,1935-02-28,Libra,1.6548,1935-05-18,Virgo,13.0962,18.56
Jupiter,1935-03-10,Scorpio,0.3406,1935-07-12,Libra,20.4621,9.88
Mercury,1935-06-09,Gemini,11.1287,1935-07-03,Gemini,2.2731,8.86
Saturn,1935-06-22,Aquarius,17.2628,1935-11-08,Aquarius,10.5425,6.72
Venus,1935-08-18,Leo,29.8028,1935-09-30,Leo,13.6471,16.16
Mercury,1935-10-06,Libra,9.8460,1935-10-27,Virgo,24.2633,15.58
Mercury,1936-01-23,Capricorn,24.6206,1936-02-13,Capricorn,8.9166,15.70
Jupiter,1936-04-11,Sagittarius,1.4605,1936-08-12,Scorpio,21.6132,9.85
Mercury,1936-05-20,Taurus,21.0654,1936-06-13,Taurus,12.5434,8.52
Saturn,1936-07-04,Aquarius,29.5552,1936-11-19,Aquarius,22.8020,6.75
Mercury,1936-09-18,Virgo,23.4814,1936-10-10,Virgo,8.4165,15.06
Mercury,1937-01-06,Capricorn,8.5263,1937-01-26,Sagittarius,22.4571,16.07
Venus,1937-03-28,Aries,12.8384,1937-05-09,Pisces,26.4543,16.38
Mars,1937-04-15,Scorpio,12.5431,1937-06-27,Libra,26.5429,16.00
Mercury,1937-04-30,Taurus,1.4567,1937-05-24,Aries,22.3038,9.15
Jupiter,1937-05-16,Capricorn,4.3289,1937-09-14,Sagittarius,24.4899,9.84
Saturn,1937-07-17,Pisces,12.1446,1937-12-02,Pisces,5.3565,6.79
Mercury,1937-09-01,Virgo,6.6851,1937-09-24,Leo,22.4051,14.28
Mercury,1937-12-21,Sagittarius,22.5791,1938-01-10,Sagittarius,6.3818,16.20
Mercury,1938-04-12,Aries,12.5628,1938-05-05,Aries,2.1798,10.38
Jupiter,1938-06-22,Aquarius,9.2495,1938-10-19,Capricorn,29.3873,9.86
Saturn,1938-07-31,Pisces,25.0446,1938-12-15,Pisces,18.2212,6.82
Mercury,1938-08-15,Leo,19.2761,1938-09-07,Leo,5.9969,13.28
Venus,1938-10-31,Scorpio,11.9205,1938-12-11,Libra,26.5694,15.35
Mercury,1938-12-05,Sagittarius,6.7113,1938-12-24,Scorpio,20.4623,16.25
Mercury,1939-03-25,Pisces,24.5192,1939-04-17,Pisces,12.6212,11.90
Mars,1939-06-23,Capricorn,11.6881,1939-08-24,Capricorn,0.9030,10.79
Mercury,1939-07-28,Leo,1.1830,1939-08-21,Cancer,19.1672,12.02
Jupiter,1939-07-30,Pisces,15.7752,1939-11-25,Pisces,5.8522,9.92
Saturn,1939-08-14,Aries,8.2541,1939-12-28,Aries,1.3948,6.86
Mercury,1939-11-18,Scorpio,20.9422,1939-12-08,Scorpio,4.7120,16.23
Mercury,1940-03-06,Pisces,7.2217,1940-03-29,Aquarius,23.8198,13.40
Venus,1940-06-05,Gemini,20.2781,1940-07-19,Gemini,3.7743,16.50
Mercury,1940-07-09,Cancer,12.2477,1940-08-02,Cancer,1.6394,10.61
Saturn,1940-08-27,Aries,21.7529,1941-01-10,Aries,14.8607,6.89
Jupiter,1940-09-05,Aries,22.6485,1940-12-31,Aries,12.6424,10.01
Mercury,1940-11-01,Scorpio,5.0757,1940-11-21,Libra,19.0252,16.05
Mercury,1941-02-17,Aquarius,20.4109,1941-03-12,Aquarius,5.8725,14.54
Mercury,1941-06-20,Gemini,22.6154,1941-07-14,Gemini,13.2538,9.36
Mars,1941-09-07,Aries,0.6740,1941-11-10,Pisces,18.0308,12.64
Saturn,1941-09-11,Taurus,5.5070,1942-01-23,Aries,28.5865,6.92
Jupiter,1941-10-10,Taurus,28.4032,1942-02-05,Taurus,18.3385,10.06
Mercury,1941-10-15,Libra,19.1197,1941-11-05,Libra,3.3261,15.79
Venus,1942-01-13,Capricorn,28.1362,1942-02-23,Capricorn,12.4724,15.66
Mercury,1942-02-01,Aquarius,3.9487,1942-02-23,Capricorn,18.6222,15.33
Mercury,1942-06-01,Gemini,2.5636,1942-06-25,Taurus,23.9931,8.57
Saturn,1942-09-25,Taurus,19.4683,1943-02-06,Taurus,12.5262,6.94
Mercury,1942-09-29,Libra,2.9067,1942-10-20,Virgo,17.5641,15.34
Jupiter,1942-11-13,Cancer,2.1808,1943-03-12,Gemini,22.1113,10.07
Mercury,1943-01-16,Capricorn,17.7434,1943-02-06,Capricorn,1.9077,15.84
Mercury,1943-05-12,Taurus,12.6604,1943-06-05,Taurus,3.9593,8.70
Venus,1943-08-16,Leo,27.4731,1943-09-27,Leo,11.2836,16.19
Mercury,1943-09-12,Virgo,16.3837,1943-10-04,Virgo,1.6622,14.72
Saturn,1943-10-10,Gemini,3.5632,1944-02-21,Taurus,26.6080,6.96
Mars,1943-10-28,Taurus,29.1634,1944-01-10,Taurus,11.7859,17.38
Jupiter,1943-12-14,Leo,3.9910,1944-04-13,Cancer,23.9595,10.03
Mercury,1943-12-31,Capricorn,1.7248,1944-01-20,Sagittarius,15.5925,16.13
Mercury,1944-04-22,Aries,23.3296,1944-05-16,Aries,13.7191,9.61
Mercury,1944-08-24,Leo,29.3916,1944-09-16,Leo,15.4391,13.95
Saturn,1944-10-23,Gemini,17.7066,1945-03-06,Gemini,10.7449,6.96
Mercury,1944-12-14,Sagittarius,15.8151,1945-01-03,Scorpio,29.6431,16.17
Jupiter,1945-01-12,Virgo,4.4118,1945-05-15,Leo,24.4369,9.97
Venus,1945-03-25,Aries,10.4933,1945-05-07,Pisces,24.1124,16.38
Mercury,1945-04-04,Aries,4.7828,1945-04-27,Pisces,23.7702,11.01
Mercury,1945-08-07,Leo,11.6859,1945-08-30,Cancer,28.8799,12.81
Saturn,1945-11-07,Cancer,1.8063,1946-03-20,Gemini,24.8487,6.96
Mercury,1945-11-28,Scorpio,29.9625,1945-12-17,Scorpio,13.7686,16.19
Mars,1945-12-05,Cancer,10.1308,1946-02-22,Gemini,21.0093,19.12
Jupiter,1946-02-11,Libra,4.2664,1946-06-15,Virgo,24.3484,9.92
Mercury,1946-03-17,Pisces,17.0883,1946-04-09,Pisces,4.5254,12.56
Mercury,1946-07-20,Cancer,23.2294,1946-08-13,Cancer,11.7939,11.44
Venus,1946-10-28,Scorpio,9.3859,1946-12-08,Libra,24.0046,15.38
Mercury,1946-11-11,Scorpio,14.2105,1946-12-01,Libra,28.0586,16.15
Saturn,1946-11-21,Cancer,15.7790,1947-04-04,Cancer,8.8338,6.95
Mercury,1947-02-28,Aquarius,29.9864,1947-03-22,Aquarius,16.0853,13.90
Jupiter,1947-03-14,Scorpio,4.4477,1947-07-16,Libra,24.5722,9.88
Mercury,1947-07-01,Cancer,4.0063,1947-07-26,Gemini,23.9619,10.04
Mercury,1947-10-26,Libra,28.2830,1947-11-15,Libra,12.3694,15.91
Saturn,1947-12-04,Cancer,29.5506,1948-04-17,Cancer,22.6245,6.93
Mars,1948-01-09,Leo,14.4769,1948-03-30,Cancer,24.9787,19.50
Mercury,1948-02-11,Aquarius,13.3788,1948-03-04,Capricorn,28.4335,14.95
Jupiter,1948-04-15,Sagittarius,5.8102,1948-08-16,Scorpio,25.9636,9.85
Venus,1948-06-03,Gemini,18.0138,1948-07-16,Gemini,1.5031,16.51
Mercury,1948-06-11,Gemini,14.1367,1948-07-06,Gemini,5.1972,8.94
Mercury,1948-10-08,Libra,12.2689,1948-10-29,Virgo,26.6480,15.62
Saturn,1948-12-17,Leo,13.0633,1949-05-01,Leo,6.1648,6.90
Mercury,1949-01-25,Capricorn,27.0273,1949-02-15,Capricorn,11.4275,15.60
Jupiter,1949-05-21,Capricorn,9.0233,1949-09-19,Sagittarius,29.1840,9.84
Mercury,1949-05-23,Taurus,24.0618,1949-06-16,Taurus,15.5257,8.54
Mercury,1949-09-21,Virgo,25.9605,1949-10-13,Virgo,10.8307,15.13
Saturn,1949-12-30,Leo,26.2827,1950-05-15,Leo,19.4164,6.87
Mercury,1950-01-09,Capricorn,10.8989,1950-01-29,Sagittarius,24.9033,16.00
Venus,1950-01-11,Capricorn,25.5641,1950-02-21,Capricorn,9.9549,15.61
Mars,1950-02-12,Virgo,17.8799,1950-05-04,Leo,28.8476,19.03
Mercury,1950-05-04,Taurus,4.3296,1950-05-28,Aries,25.3813,8.95
Jupiter,1950-06-27,Aquarius,14.2863,1950-10-24,Aquarius,4.4186,9.87
Mercury,1950-09-04,Virgo,9.2408,1950-09-26,Leo,24.7772,14.46
Mercury,1950-12-24,Sagittarius,24.9306,1951-01-13,Sagittarius,8.7947,16.14
Saturn,1951-01-12,Virgo,9.1906,1951-05-29,Virgo,2.3607,6.83
Mercury,1951-04-15,Aries,15.3496,1951-05-08,Aries,5.1684,10.18
Jupiter,1951-08-04,Pisces,20.9967,1951-11-30,Pisces,11.0592,9.94
Venus,1951-08-13,Leo,25.1511,1951-09-25,Leo,8.9233,16.23
Mercury,1951-08-18,Leo,21.9297,1951-09-10,Leo,8.4907,13.44
Mercury,1951-12-07,Sagittarius,9.1447,1951-12-27,Scorpio,22.8388,16.31
Saturn,1952-01-25,Virgo,21.7879,1952-06-11,Virgo,14.9977,6.79
Mars,1952-03-25,Libra,25.2828,1952-06-10,Libra,7.9707,17.31
Mercury,1952-03-27,Pisces,27.1721,1952-04-19,Pisces,15.4954,11.68
Mercury,1952-07-30,Leo,3.9495,1952-08-23,Cancer,21.7293,12.22
Jupiter,1952-09-10,Aries,27.7903,1953-01-05,Aries,17.7717,10.02
Mercury,1952-11-20,Scorpio,23.3135,1952-12-10,Scorpio,7.0825,16.23
Saturn,1953-02-05,Libra,4.0927,1953-06-24,Virgo,27.3409,6.75
Mercury,1953-03-09,Pisces,9.7783,1953-04-01,Aquarius,26.5793,13.20
Venus,1953-03-23,Aries,8.1334,1953-05-05,Pisces,21.7775,16.36
Mercury,1953-07-12,Cancer,15.1393,1953-08-05,Cancer,4.3072,10.83
Jupiter,1953-10-15,Gemini,3.2620,1954-02-10,Taurus,23.1922,10.07
Mercury,1953-11-04,Scorpio,7.4486,1953-11-24,Libra,21.3988,16.05
Saturn,1954-02-17,Libra,16.1317,1954-07-07,Libra,9.4171,6.71
Mercury,1954-02-20,Aquarius,22.9031,1954-03-15,Aquarius,8.5208,14.38
Mars,1954-05-24,Sagittarius,15.3018,1954-07-30,Sagittarius,2.3672,12.93
Mercury,1954-06-23,Gemini,25.6013,1954-07-17,Gemini,16.0595,9.54
Mercury,1954-10-18,Libra,21.5290,1954-11-08,Libra,5.7108,15.82
Venus,1954-10-26,Scorpio,6.8177,1954-12-06,Libra,21.4414,15.38
Jupiter,1954-11-17,Cancer,6.7116,1955-03-17,Gemini,26.6449,10.07
Mercury,1955-02-04,Aquarius,6.3834,1955-02-25,Capricorn,21.1215,15.26
Saturn,1955-03-01,Libra,27.9414,1955-07-19,Libra,21.2596,6.68
Mercury,1955-06-04,Gemini,5.5928,1955-06-28,Taurus,26.9247,8.67
Mercury,1955-10-02,Libra,5.3428,1955-10-23,Virgo,19.9616,15.38
Jupiter,1955-12-18,Leo,8.2599,1956-04-18,Cancer,28.2362,10.02
Mercury,1956-01-19,Capricorn,20.1321,1956-02-09,Capricorn,4.3965,15.74
Saturn,1956-03-12,Scorpio,9.5640,1956-07-31,Scorpio,2.9110,6.65
Mercury,1956-05-15,Taurus,15.5847,1956-06-07,Taurus,6.9815,8.60
Venus,1956-06-01,Gemini,15.7547,1956-07-14,Taurus,29.2571,16.50
Mars,1956-08-11,Pisces,0.3962,1956-10-10,Aquarius,19.8943,10.50
Mercury,1956-09-14,Virgo,18.8841,1956-10-06,Virgo,4.0901,14.79
Mercury,1957-01-02,Capricorn,4.0837,1957-01-22,Sagittarius,18.0266,16.06
Jupiter,1957-01-16,Virgo,8.5382,1957-05-19,Leo,28.5723,9.97
Saturn,1957-03-24,Scorpio,21.0446,1957-08-12,Scorpio,14.4134,6.63
Mercury,1957-04-25,Aries,26.1781,1957-05-19,Aries,16.7322,9.45
Mercury,1957-08-27,Virgo,1.9804,1957-09-19,Leo,17.8904,14.09
Mercury,1957-12-16,Sagittarius,18.2566,1958-01-05,Sagittarius,1.9637,16.29
Venus,1958-01-08,Capricorn,23.0226,1958-02-18,Capricorn,7.4096,15.61
Jupiter,1958-02-16,Libra,8.3883,1958-06-19,Virgo,28.4765,9.91
Saturn,1958-04-05,Sagittarius,2.4311,1958-08-24,Scorpio,25.8143,6.62
Mercury,1958-04-07,Aries,7.5148,1958-04-30,Pisces,26.7198,10.79
Mercury,1958-08-10,Leo,14.3886,1958-09-02,Leo,1.3985,12.99
Mars,1958-10-10,Taurus,9.2526,1958-12-20,Aries,23.2926,15.96
Mercury,1958-11-30,Sagittarius,2.4146,1958-12-20,Scorpio,16.1422,16.27
Jupiter,1959-03-19,Scorpio,8.7010,1959-07-20,Libra,28.8318,9.87
Mercury,1959-03-20,Pisces,19.7031,1959-04-12,Pisces,7.3595,12.34
Saturn,1959-04-17,Sagittarius,13.7746,1959-09-05,Sagittarius,7.1639,6.61
Mercury,1959-07-23,Cancer,26.0598,1959-08-16,Cancer,14.4062,11.65
Venus,1959-08-11,Leo,22.8218,1959-09-23,Leo,6.5823,16.24
Mercury,1959-11-14,Scorpio,16.5778,1959-12-04,Scorpio,0.4309,16.15
Mercury,1960-03-02,Pisces,2.5089,1960-03-24,Aquarius,18.7996,13.71
Jupiter,1960-04-20,Sagittarius,10.3137,1960-08-21,Sagittarius,0.4708,9.84
Saturn,1960-04-28,Sagittarius,25.1265,1960-09-16,Sagittarius,18.5136,6.61
Mercury,1960-07-04,Cancer,6.9037,1960-07-28,Gemini,26.6820,10.22
Mercury,1960-10-28,Scorpio,0.6586,1960-11-17,Libra,14.7472,15.91
Mars,1960-11-21,Gemini,25.3406,1961-02-06,Gemini,6.6811,18.66
Mercury,1961-02-13,Aquarius,15.8401,1961-03-07,Aquarius,1.0404,14.80
Venus,1961-03-21,Aries,5.7737,1961-05-02,Pisces,19.4252,16.35
Saturn,1961-05-10,Capricorn,6.5399,1961-09-28,Sagittarius,29.9166,6.62
Jupiter,1961-05-26,Capricorn,13.8378,1961-09-24,Capricorn,3.9992,9.84
Mercury,1961-06-15,Gemini,17.1154,1961-07-09,Gemini,8.0517,9.06
Mercury,1961-10-11,Libra,14.6873,1961-11-01,Virgo,29.0430,15.64
Mercury,1962-01-28,Capricorn,29.4271,1962-02-18,Capricorn,13.9450,15.48
Saturn,1962-05-22,Capricorn,18.0699,1962-10-10,Capricorn,11.4287,6.64
Mercury,1962-05-26,Taurus,27.0685,1962-06-19,Taurus,18.5125,8.56
Jupiter,1962-07-02,Aquarius,19.3602,1962-10-29,Aquarius,9.4835,9.88
Mercury,1962-09-24,Virgo,28.4323,1962-10-16,Virgo,13.2512,15.18
Venus,1962-10-23,Scorpio,4.2913,1962-12-03,Libra,18.8806,15.41
Mars,1962-12-26,Leo,1.4623,1963-03-17,Cancer,12.0005,19.46
Mercury,1963-01-11,Capricorn,13.3643,1963-02-01,Sagittarius,27.3586,16.01
Mercury,1963-05-07,Taurus,7.2670,1963-05-31,Aries,28.4087,8.86
Saturn,1963-06-03,Capricorn,29.7692,1963-10-22,Capricorn,23.1019,6.67
Jupiter,1963-08-10,Pisces,26.1369,1963-12-05,Pisces,16.1893,9.95
Mercury,1963-09-07,Virgo,11.7780,1963-09-29,Leo,27.1997,14.58
Mercury,1963-12-26,Sagittarius,27.3905,1964-01-15,Sagittarius,11.1477,16.24
Mercury,1964-04-17,Aries,18.1509,1964-05-11,Aries,8.1927,9.96
Venus,1964-05-29,Gemini,13.5186,1964-07-12,Taurus,27.0167,16.50
Saturn,1964-06-15,Aquarius,11.6832,1964-11-02,Aquarius,4.9827,6.70
Mercury,1964-08-20,Leo,24.5654,1964-09-12,Leo,10.9761,13.59
Jupiter,1964-09-15,Taurus,2.7687,1965-01-10,Aries,22.7397,10.03
Mercury,1964-12-09,Sagittarius,11.5185,1964-12-29,Scorpio,25.2239,16.29
Mars,1965-01-29,Virgo,4.6794,1965-04-20,Leo,15.3546,19.32
Mercury,1965-03-30,Pisces,29.8418,1965-04-22,Pisces,18.3871,11.45
Saturn,1965-06-28,Aquarius,23.8504,1965-11-14,Aquarius,17.1116,6.74
Mercury,1965-08-02,Leo,6.7011,1965-08-26,Cancer,24.2834,12.42
Jupiter,1965-10-20,Gemini,7.9409,1966-02-15,Taurus,27.8688,10.07
Mercury,1965-11-23,Scorpio,25.6792,1965-12-13,Scorpio,9.4621,16.22
Venus,1966-01-06,Capricorn,20.4400,1966-02-16,Capricorn,4.8681,15.57
Mercury,1966-03-12,Pisces,12.3495,1966-04-04,Aquarius,29.3600,12.99
Saturn,1966-07-12,Pisces,6.3012,1966-11-27,Aquarius,29.5229,6.78
Mercury,1966-07-15,Cancer,18.0184,1966-08-08,Cancer,6.9637,11.05
Mercury,1966-11-07,Scorpio,9.8141,1966-11-27,Libra,23.7793,16.03
Jupiter,1966-11-21,Cancer,11.0915,1967-03-21,Cancer,1.0290,10.06
Mercury,1967-02-23,Aquarius,25.4030,1967-03-18,Aquarius,11.1873,14.22
Mars,1967-03-09,Libra,9.7955,1967-05-26,Virgo,21.5859,18.21
Mercury,1967-06-26,Gemini,28.5806,1967-07-21,Gemini,18.9005,9.68
Saturn,1967-07-25,Pisces,19.0606,1967-12-09,Pisces,12.2392,6.82
Venus,1967-08-09,Leo,20.4885,1967-09-20,Leo,4.2322,16.26
Mercury,1967-10-21,Libra,23.9314,1967-11-11,Libra,8.1014,15.83
Jupiter,1967-12-22,Leo,12.4334,1968-04-22,Leo,2.4173,10.02
Mercury,1968-02-07,Aquarius,8.8164,1968-02-28,Capricorn,23.6857,15.13
Mercury,1968-06-06,Gemini,8.6081,1968-06-30,Taurus,29.8375,8.77
Saturn,1968-08-07,Aries,2.1343,1968-12-22,Pisces,25.2731,6.86
Mercury,1968-10-03,Libra,7.8322,1968-10-25,Virgo,22.3648,15.47
Mercury,1969-01-20,Capricorn,22.6187,1969-02-10,Capricorn,6.8221,15.80
Jupiter,1969-01-21,Virgo,12.6305,1969-05-23,Virgo,2.6738,9.96
Venus,1969-03-18,Aries,3.4012,1969-04-30,Pisces,17.0753,16.33
Mars,1969-04-27,Scorpio,23.3314,1969-07-08,Scorpio,8.2672,15.06
Mercury,1969-05-18,Taurus,18.5664,1969-06-11,Taurus,10.0203,8.55
Saturn,1969-08-21,Aries,15.5144,1970-01-04,Aries,8.6154,6.90
Mercury,1969-09-17,Virgo,21.3743,1969-10-08,Virgo,6.4162,14.96
Mercury,1970-01-04,Capricorn,6.5605,1970-01-25,Sagittarius,20.4682,16.09
Jupiter,1970-02-20,Libra,12.5278,1970-06-23,Libra,2.6242,9.90
Mercury,1970-04-28,Aries,29.0430,1970-05-22,Aries,19.7580,9.28
Mercury,1970-08-30,Virgo,4.5585,1970-09-22,Leo,20.3422,14.22
Saturn,1970-09-05,Aries,29.1725,1971-01-18,Aries,22.2431,6.93
Venus,1970-10-21,Scorpio,1.7496,1970-12-01,Libra,16.3324,15.42
Mercury,1970-12-19,Sagittarius,20.6344,1971-01-08,Sagittarius,4.3631,16.27
Jupiter,1971-03-23,Scorpio,12.9989,1971-07-25,Scorpio,3.1340,9.86
Mercury,1971-04-10,Aries,10.2737,1971-05-03,Pisces,29.6913,10.58
Mars,1971-07-11,Capricorn,28.4939,1971-09-10,Capricorn,18.4308,10.06
Mercury,1971-08-13,Leo,17.0689,1971-09-05,Leo,3.9025,13.17
Saturn,1971-09-19,Taurus,13.0629,1972-01-31,Taurus,6.1075,6.96
Mercury,1971-12-03,Sagittarius,4.7784,1971-12-23,Scorpio,18.5245,16.25
Mercury,1972-03-22,Pisces,22.3377,1972-04-14,Pisces,10.2145,12.12
Jupiter,1972-04-25,Sagittarius,14.8489,1972-08-25,Sagittarius,5.0083,9.84
Venus,1972-05-27,Gemini,11.2657,1972-07-09,Taurus,24.7437,16.52
Mercury,1972-07-25,Cancer,28.8653,1972-08-18,Cancer,16.9987,11.87
Saturn,1972-10-03,Taurus,27.1169,1973-02-14,Taurus,20.1474,6.97
Mercury,1972-11-16,Scorpio,18.9390,1972-12-06,Scorpio,2.8105,16.13
Mercury,1973-03-05,Pisces,5.0365,1973-03-27,Aquarius,21.5265,13.51
Jupiter,1973-05-31,Capricorn,18.6389,1973-09-29,Capricorn,8.7959,9.84
Mercury,1973-07-07,Cancer,9.8296,1973-07-31,Gemini,29.3844,10.45
Mars,1973-09-20,Aries,15.7745,1973-11-26,Aries,1.8090,13.97
Saturn,1973-10-17,Gemini,11.2580,1974-02-28,Gemini,4.2825,6.98
Mercury,1973-10-30,Scorpio,3.1055,1973-11-20,Libra,17.1329,15.97
Venus,1974-01-03,Capricorn,17.8735,1974-02-13,Capricorn,2.3046,15.57
Mercury,1974-02-16,Aquarius,18.2981,1974-03-10,Aquarius,3.6557,14.64
Mercury,1974-06-18,Gemini,20.1293,1974-07-12,Gemini,10.8971,9.23
Jupiter,1974-07-08,Aquarius,24.3599,1974-11-04,Aquarius,14.4789,9.88
Mercury,1974-10-14,Libra,17.0918,1974-11-04,Libra,1.4397,15.65
Saturn,1974-11-01,Gemini,25.3978,1975-03-14,Gemini,18.4282,6.97
Mercury,1975-01-30,Aquarius,1.9271,1975-02-21,Capricorn,16.4728,15.45
Mercury,1975-05-30,Gemini,0.0539,1975-06-23,Taurus,21.5237,8.53
Venus,1975-08-06,Leo,18.1909,1975-09-18,Leo,1.9100,16.28
Jupiter,1975-08-15,Aries,1.1821,1975-12-11,Pisces,21.2237,9.96
Mercury,1975-09-27,Libra,0.8880,1975-10-18,Virgo,15.5650,15.32
Mars,1975-11-06,Gemini,9.1416,1976-01-21,Taurus,21.2069,17.93
Saturn,1975-11-15,Cancer,9.4521,1976-03-28,Cancer,2.4979,6.95
Mercury,1976-01-14,Capricorn,15.7694,1976-02-04,Sagittarius,29.8240,15.95
Mercury,1976-05-09,Taurus,10.2019,1976-06-02,Taurus,1.4263,8.78
Mercury,1976-09-09,Virgo,14.3049,1976-10-01,Leo,29.6217,14.68
Jupiter,1976-09-20,Taurus,7.6724,1977-01-15,Aries,27.6344,10.04
Saturn,1976-11-28,Cancer,23.3409,1977-04-11,Cancer,16.4102,6.93
Mercury,1976-12-28,Sagittarius,29.7741,1977-01-17,Sagittarius,13.5615,16.21
Venus,1977-03-16,Aries,1.0138,1977-04-27,Pisces,14.7041,16.31
Mercury,1977-04-20,Aries,20.9619,1977-05-14,Aries,11.1833,9.78
Mercury,1977-08-23,Leo,27.1921,1977-09-15,Leo,13.4621,13.73
Jupiter,1977-10-24,Gemini,12.5938,1978-02-20,Gemini,2.5207,10.07
Saturn,1977-12-11,Leo,6.9988,1978-04-26,Leo,0.0985,6.90
Mercury,1977-12-12,Sagittarius,13.8855,1978-01-01,Scorpio,27.6168,16.27
Mars,1977-12-13,Cancer,18.0078,1978-03-02,Gemini,28.7231,19.28
Mercury,1978-04-02,Aries,2.5343,1978-04-25,Pisces,21.3028,11.23
Mercury,1978-08-05,Leo,9.4398,1978-08-29,Cancer,26.8318,12.61
Venus,1978-10-18,Libra,29.2433,1978-11-29,Libra,13.7927,15.45
Jupiter,1978-11-26,Cancer,15.4976,1979-03-26,Cancer,5.4401,10.06
Mercury,1978-11-26,Scorpio,28.0398,1978-12-16,Scorpio,11.8509,16.19
Saturn,1978-12-25,Leo,20.3754,1979-05-10,Leo,13.5095,6.87
Mercury,1979-03-15,Pisces,14.9420,1979-04-07,Pisces,2.1664,12.78
Mercury,1979-07-18,Cancer,20.8734,1979-08-11,Cancer,9.5987,11.27
Mercury,1979-11-10,Scorpio,12.1736,1979-11-30,Libra,26.1677,16.01
Jupiter,1979-12-27,Leo,16.6682,1980-04-26,Leo,6.6620,10.01
Saturn,1980-01-07,Virgo,3.4432,1980-05-23,Leo,26.6142,6.83
Mars,1980-01-16,Leo,21.7700,1980-04-06,Leo,2.2923,19.48
Mercury,1980-02-26,Aquarius,27.9121,1980-03-20,Aquarius,13.8710,14.04
Venus,1980-05-25,Gemini,8.9970,1980-07-07,Taurus,22.4810,16.52
Mercury,1980-06-28,Cancer,1.5369,1980-07-23,Gemini,21.6521,9.88
Mercury,1980-10-23,Libra,26.3266,1980-11-12,Libra,10.3985,15.93
Saturn,1981-01-19,Virgo,16.1944,1981-06-05,Virgo,9.4028,6.79
Jupiter,1981-01-25,Virgo,16.7991,1981-05-28,Virgo,6.8526,9.95
Mercury,1981-02-09,Aquarius,11.2472,1981-03-02,Capricorn,26.2599,14.99
Mercury,1981-06-09,Gemini,11.6159,1981-07-04,Gemini,2.7764,8.84
Mercury,1981-10-06,Libra,10.2648,1981-10-27,Virgo,24.6595,15.61
Venus,1982-01-01,Capricorn,15.2904,1982-02-11,Sagittarius,29.7660,15.52
Mercury,1982-01-23,Capricorn,25.0352,1982-02-13,Capricorn,9.3188,15.72
Saturn,1982-01-31,Virgo,28.6448,1982-06-18,Virgo,21.8901,6.75
Mars,1982-02-21,Virgo,25.5736,1982-05-12,Virgo,6.7772,18.80
Jupiter,1982-02-24,Libra,16.7261,1982-06-28,Libra,6.8293,9.90
Mercury,1982-05-21,Taurus,21.5640,1982-06-14,Taurus,13.0204,8.54
Mercury,1982-09-19,Virgo,23.9104,1982-10-11,Virgo,8.8144,15.10
Mercury,1983-01-07,Capricorn,8.9475,1983-01-28,Sagittarius,22.9193,16.03
Saturn,1983-02-12,Libra,10.8201,1983-07-02,Libra,4.1013,6.72
Jupiter,1983-03-28,Scorpio,17.3052,1983-07-29,Scorpio,7.4461,9.86
Mercury,1983-05-02,Taurus,1.9024,1983-05-26,Aries,22.8338,9.07
Venus,1983-08-04,Leo,15.8639,1983-09-16,Cancer,29.5836,16.28
Mercury,1983-09-02,Virgo,7.1212,1983-09-25,Leo,22.7893,14.33
Mercury,1983-12-22,Sagittarius,23.0057,1984-01-11,Sagittarius,6.7698,16.24
Saturn,1984-02-25,Libra,22.7520,1984-07-13,Libra,16.0639,6.69
Mars,1984-04-06,Scorpio,4.7086,1984-06-20,Libra,18.0667,16.64
Mercury,1984-04-12,Aries,13.0420,1984-05-06,Aries,2.7011,10.34
Jupiter,1984-04-30,Sagittarius,19.3281,1984-08-30,Sagittarius,9.4878,9.84
Mercury,1984-08-15,Leo,19.7337,1984-09-07,Leo,6.3985,13.34
Mercury,1984-12-05,Sagittarius,7.1375,1984-12-25,Scorpio,20.9150,16.22
Saturn,1985-03-08,Scorpio,4.4787,1985-07-26,Libra,27.8155,6.66
Venus,1985-03-14,Pisces,28.6383,1985-04-25,Pisces,12.3583,16.28
Mercury,1985-03-25,Pisces,24.9796,1985-04-17,Pisces,13.0793,11.90
Jupiter,1985-06-05,Capricorn,23.3135,1985-10-03,Capricorn,13.4666,9.85
Mercury,1985-07-28,Leo,1.6546,1985-08-21,Cancer,19.5795,12.08
Mercury,1985-11-19,Scorpio,21.2928,1985-12-08,Scorpio,5.1086,16.18
Mercury,1986-03-07,Pisces,7.6523,1986-03-30,Aquarius,24.2670,13.39
Saturn,1986-03-19,Scorpio,16.0418,1986-08-07,Scorpio,9.3950,6.65
Mars,1986-06-09,Sagittarius,29.4451,1986-08-12,Sagittarius,17.7485,11.70
Mercury,1986-07-10,Cancer,12.7399,1986-08-03,Cancer,2.0718,10.67
Jupiter,1986-07-13,Aquarius,29.1891,1986-11-08,Aquarius,19.2969,9.89
Venus,1986-10-16,Libra,26.7134,1986-11-26,Libra,11.2246,15.49
Mercury,1986-11-02,Scorpio,5.4879,1986-11-22,Libra,19.4145,16.07
Mercury,1987-02-19,Aquarius,20.7664,1987-03-13,Aquarius,6.2917,14.47
Saturn,1987-03-31,Scorpio,27.4852,1987-08-19,Scorpio,20.8494,6.64
Mercury,1987-06-21,Gemini,23.1250,1987-07-15,Gemini,13.7215,9.40
Jupiter,1987-08-20,Aries,6.0459,1987-12-16,Pisces,26.0768,9.97
Mercury,1987-10-17,Libra,19.4857,1987-11-06,Libra,3.7159,15.77
Mercury,1988-02-02,Aquarius,4.3693,1988-02-24,Capricorn,19.0214,15.35
Saturn,1988-04-11,Sagittarius,8.8597,1988-08-30,Sagittarius,2.2289,6.63
Venus,1988-05-23,Gemini,6.7408,1988-07-05,Taurus,20.2439,16.50
Mercury,1988-06-01,Gemini,3.0760,1988-06-25,Taurus,24.4660,8.61
Mars,1988-08-27,Pisces,17.7583,1988-10-28,Pisces,6.1768,11.58
Jupiter,1988-09-25,Taurus,12.4276,1989-01-20,Taurus,2.3847,10.04
Mercury,1988-09-29,Libra,3.3369,1988-10-20,Virgo,17.9524,15.38
Mercury,1989-01-16,Capricorn,18.1722,1989-02-06,Capricorn,2.3013,15.87
Saturn,1989-04-23,Sagittarius,20.2178,1989-09-11,Sagittarius,13.5854,6.63
Mercury,1989-05-12,Taurus,13.1449,1989-06-05,Taurus,4.4454,8.70
Mercury,1989-09-12,Virgo,16.8240,1989-10-04,Virgo,2.0471,14.78
Jupiter,1989-10-29,Gemini,17.1592,1990-02-25,Gemini,7.0857,10.07
Venus,1989-12-29,Capricorn,12.7040,1990-02-08,Sagittarius,27.1986,15.51
Mercury,1989-12-31,Capricorn,2.1485,1990-01-20,Sagittarius,15.9823,16.17
Mercury,1990-04-23,Aries,23.7994,1990-05-17,Aries,14.1975,9.60
Saturn,1990-05-05,Capricorn,1.6134,1990-09-23,Sagittarius,24.9729,6.64
Mercury,1990-08-26,Leo,29.7975,1990-09-18,Leo,15.9382,13.86
Mars,1990-10-21,Taurus,20.8274,1991-01-02,Taurus,4.0235,16.80
Jupiter,1990-11-30,Cancer,19.8620,1991-03-31,Cancer,9.8114,10.05
Mercury,1990-12-15,Sagittarius,16.2398,1991-01-04,Sagittarius,0.0137,16.23
Mercury,1991-04-05,Aries,5.2520,1991-04-28,Pisces,24.2442,11.01
Saturn,1991-05-17,Capricorn,13.1014,1991-10-05,Capricorn,6.4469,6.65
Venus,1991-08-01,Leo,13.5794,1991-09-13,Cancer,27.2615,16.32
Mercury,1991-08-08,Leo,12.1530,1991-09-01,Cancer,29.3619,12.79
Mercury,1991-11-29,Sagittarius,0.3912,1991-12-18,Scorpio,14.1595,16.23
Jupiter,1991-12-31,Leo,20.8785,1992-05-01,Leo,10.8782,10.00
Mercury,1992-03-17,Pisces,17.5428,1992-04-09,Pisces,4.9849,12.56
Saturn,1992-05-29,Capricorn,24.7326,1992-10-16,Capricorn,18.0593,6.67
Mercury,1992-07-20,Cancer,23.7087,1992-08-13,Cancer,12.2171,11.49
Mercury,1992-11-11,Scorpio,14.6180,1992-12-01,Libra,28.4454,16.17
Mars,1992-11-29,Cancer,3.8579,1993-02-15,Gemini,14.9095,18.95
Jupiter,1993-01-29,Virgo,20.9299,1993-06-01,Virgo,10.9884,9.94
Mercury,1993-02-28,Pisces,0.4256,1993-03-23,Aquarius,16.5662,13.86
Venus,1993-03-11,Pisces,26.2560,1993-04-23,Pisces,9.9891,16.27
Saturn,1993-06-10,Aquarius,6.5578,1993-10-28,Capricorn,29.8588,6.70
Mercury,1993-07-02,Cancer,4.4580,1993-07-26,Gemini,24.3953,10.06
Mercury,1993-10-26,Libra,28.7158,1993-11-15,Libra,12.7626,15.95
Mercury,1994-02-11,Aquarius,13.7963,1994-03-05,Capricorn,28.8492,14.95
Jupiter,1994-03-01,Libra,20.8750,1994-07-02,Libra,10.9841,9.89
Mercury,1994-06-13,Gemini,14.6063,1994-07-07,Gemini,5.6530,8.95
Saturn,1994-06-23,Aquarius,18.6193,1994-11-09,Aquarius,11.8910,6.73
Mercury,1994-10-09,Libra,12.6923,1994-10-30,Virgo,27.0374,15.65
Venus,1994-10-13,Libra,24.2218,1994-11-24,Libra,8.7036,15.52
Mars,1995-01-03,Leo,8.8759,1995-03-25,Cancer,19.3754,19.50
Mercury,1995-01-26,Capricorn,27.4542,1995-02-16,Capricorn,11.8335,15.62
Jupiter,1995-04-01,Scorpio,21.5900,1995-08-03,Scorpio,11.7332,9.86
Mercury,1995-05-24,Taurus,24.5659,1995-06-17,Taurus,16.0180,8.55
Saturn,1995-07-06,Pisces,0.9550,1995-11-22,Aquarius,24.1943,6.76
Mercury,1995-09-22,Virgo,26.3846,1995-10-14,Virgo,11.2158,15.17
Mercury,1996-01-10,Capricorn,11.3323,1996-01-30,Sagittarius,25.3095,16.02
Mercury,1996-05-04,Taurus,4.8231,1996-05-28,Aries,25.8598,8.96
Jupiter,1996-05-05,Sagittarius,23.8472,1996-09-04,Sagittarius,14.0096,9.84
Venus,1996-05-20,Gemini,4.4892,1996-07-02,Taurus,17.9671,16.52
Saturn,1996-07-19,Pisces,13.5901,1996-12-04,Pisces,6.7956,6.79
Mercury,1996-09-04,Virgo,9.6742,1996-09-27,Leo,25.2384,14.44
Mercury,1996-12-24,Sagittarius,25.3679,1997-01-13,Sagittarius,9.1809,16.19
Mars,1997-02-06,Virgo,12.1042,1997-04-28,Leo,22.9222,19.18
Mercury,1997-04-15,Aries,15.8240,1997-05-09,Aries,5.6767,10.15
Jupiter,1997-06-10,Capricorn,28.1195,1997-10-08,Capricorn,18.2678,9.85
Saturn,1997-08-02,Pisces,26.5372,1997-12-16,Pisces,19.7071,6.83
Mercury,1997-08-18,Leo,22.3870,1997-09-10,Leo,8.8905,13.50
Mercury,1997-12-08,Sagittarius,9.4875,1997-12-27,Scorpio,23.2317,16.26
Venus,1997-12-27,Capricorn,10.1027,1998-02-06,Sagittarius,24.6454,15.46
Mercury,1998-03-28,Pisces,27.6352,1998-04-20,Pisces,15.9614,11.67
Jupiter,1998-07-18,Pisces,4.2246,1998-11-14,Aquarius,24.3246,9.90
Mercury,1998-07-31,Leo,4.4255,1998-08-24,Cancer,22.1458,12.28
Saturn,1998-08-16,Aries,9.7920,1998-12-30,Aries,2.9282,6.86
Mercury,1998-11-21,Scorpio,23.7180,1998-12-11,Scorpio,7.4683,16.25
Mercury,1999-03-10,Pisces,10.2104,1999-04-02,Aquarius,27.0288,13.18
Mars,1999-03-19,Libra,18.3549,1999-06-04,Libra,0.6027,17.75
Mercury,1999-07-13,Cancer,15.6324,1999-08-06,Cancer,4.7426,10.89
Venus,1999-07-30,Leo,11.2783,1999-09-11,Cancer,24.9432,16.34
Jupiter,1999-08-25,Aries,11.1377,1999-12-21,Aries,1.1583,9.98
Saturn,1999-08-30,Aries,23.3318,2000-01-12,Aries,16.4347,6.90
Mercury,1999-11-05,Scorpio,7.8655,1999-11-25,Libra,21.7808,16.08
Mercury,2000-02-22,Aquarius,23.2439,2000-03-15,Aquarius,8.9434,14.30
Mercury,2000-06-23,Gemini,26.1016,2000-07-18,Gemini,16.5662,9.54
Saturn,2000-09-12,Taurus,7.1161,2001-01-25,Taurus,0.1920,6.92
Jupiter,2000-09-30,Taurus,17.3702,2001-01-25,Taurus,7.3198,10.05
Mercury,2000-10-19,Libra,21.8792,2000-11-08,Libra,6.0912,15.79
Mercury,2001-02-04,Aquarius,6.8106,2001-02-26,Capricorn,21.5808,15.23
Venus,2001-03-09,Pisces,23.8559,2001-04-20,Pisces,7.5880,16.27
Mars,2001-05-12,Sagittarius,5.1738,2001-07-20,Scorpio,21.2361,13.94
Mercury,2001-06-04,Gemini,6.0892,2001-06-28,Taurus,27.3946,8.69
Saturn,2001-09-27,Taurus,21.0927,2002-02-08,Taurus,14.1493,6.94
Mercury,2001-10-02,Libra,5.7814,2001-10-23,Virgo,20.3465,15.43
Jupiter,2001-11-03,Gemini,21.8129,2002-03-02,Gemini,11.7419,10.07
Mercury,2002-01-19,Capricorn,20.5650,2002-02-09,Capricorn,4.7842,15.78
Mercury,2002-05-16,Taurus,16.0806,2002-06-09,Taurus,7.4960,8.58
Mercury,2002-09-15,Virgo,19.3292,2002-10-07,Virgo,4.4714,14.86
Venus,2002-10-11,Libra,21.7081,2002-11-21,Libra,6.1618,15.55
Saturn,2002-10-12,Gemini,5.1931,2003-02-22,Taurus,28.2382,6.95
Jupiter,2002-12-04,Cancer,24.2113,2003-04-04,Cancer,14.1628,10.05
Mercury,2003-01-03,Capricorn,4.5158,2003-01-23,Sagittarius,18.4133,16.10
Mercury,2003-04-26,Aries,26.6543,2003-05-20,Aries,17.2247,9.43
Mars,2003-07-29,Aquarius,16.2301,2003-09-27,Aquarius,6.2135,10.02
Mercury,2003-08-29,Virgo,2.3771,2003-09-20,Leo,18.2999,14.08
Saturn,2003-10-26,Gemini,19.3334,2004-03-08,Gemini,12.3742,6.96
Mercury,2003-12-18,Sagittarius,18.5905,2004-01-07,Sagittarius,2.4225,16.17
Jupiter,2004-01-04,Leo,24.9936,2004-05-05,Leo,15.0006,9.99
Mercury,2004-04-07,Aries,7.9885,2004-05-01,Pisces,27.2390,10.75
Venus,2004-05-18,Gemini,2.2173,2004-06-30,Taurus,15.7140,16.50
Mercury,2004-08-10,Leo,14.8453,2004-09-03,Leo,1.8810,12.96
Saturn,2004-11-08,Cancer,3.4212,2005-03-22,Gemini,26.4662,6.96
Mercury,2004-12-01,Sagittarius,2.7378,2004-12-20,Scorpio,16.5320,16.21
Jupiter,2005-02-02,Virgo,24.9358,2005-06-05,Virgo,14.9996,9.94
Mercury,2005-03-20,Pisces,20.1564,2005-04-12,Pisces,7.8183,12.34
Mercury,2005-07-23,Cancer,26.5303,2005-08-16,Cancer,14.8250,11.71
Mars,2005-10-02,Aries,29.4335,2005-12-10,Aries,14.2971,15.14
Mercury,2005-11-14,Scorpio,16.9939,2005-12-04,Scorpio,0.8131,16.18
Saturn,2005-11-22,Cancer,17.3730,2006-04-06,Cancer,10.4321,6.94
Venus,2005-12-24,Capricorn,7.5267,2006-02-03,Sagittarius,22.0802,15.45
Mercury,2006-03-03,Pisces,2.9485,2006-03-26,Aquarius,19.2786,13.67
Jupiter,2006-03-05,Libra,24.9177,2006-07-06,Libra,15.0304,9.89
Mercury,2006-07-05,Cancer,7.4075,2006-07-29,Gemini,27.1247,10.28
Mercury,2006-10-29,Scorpio,1.0917,2006-11-18,Libra,15.1284,15.96
Saturn,2006-12-06,Leo,1.1165,2007-04-20,Cancer,24.1962,6.92
Mercury,2007-02-14,Aquarius,16.2628,2007-03-08,Aquarius,1.4563,14.81
Jupiter,2007-04-06,Scorpio,25.8189,2007-08-07,Scorpio,15.9650,9.85
Mercury,2007-06-16,Gemini,17.6261,2007-07-10,Gemini,8.5163,9.11
Venus,2007-07-28,Leo,8.9800,2007-09-09,Cancer,22.6374,16.34
Mercury,2007-10-12,Libra,15.1060,2007-11-02,Virgo,29.4179,15.69
Mars,2007-11-15,Gemini,18.4819,2008-01-31,Gemini,0.1070,18.37
Saturn,2007-12-20,Leo,14.5964,2008-05-03,Leo,7.7041,6.89
Mercury,2008-01-29,Capricorn,29.8674,2008-02-19,Capricorn,14.3555,15.51
Jupiter,2008-05-09,Sagittarius,28.3920,2008-09-08,Sagittarius,18.5518,9.84
Mercury,2008-05-27,Taurus,27.5348,2008-06-20,Taurus,19.0317,8.50
Mercury,2008-09-24,Virgo,28.8517,2008-10-16,Virgo,13.6233,15.23
Saturn,2009-01-01,Leo,27.7799,2009-05-17,Leo,20.9199,6.86
Mercury,2009-01-12,Capricorn,13.7072,2009-02-01,Sagittarius,27.7609,15.95
Venus,2009-03-07,Pisces,21.4557,2009-04-18,Pisces,5.2179,16.24
Mercury,2009-05-07,Taurus,7.7473,2009-05-31,Aries,28.8832,8.86
Jupiter,2009-06-15,Aquarius,3.0243,2009-10-13,Capricorn,23.1685,9.86
Mercury,2009-09-07,Virgo,12.2194,2009-09-30,Leo,27.6903,14.53
Mars,2009-12-21,Cancer,25.6886,2010-03-11,Cancer,6.2944,19.39
Mercury,2009-12-27,Sagittarius,27.7197,2010-01-16,Sagittarius,11.5962,16.12
Saturn,2010-01-14,Virgo,10.6498,2010-05-31,Virgo,3.8260,6.82
Mercury,2010-04-18,Aries,18.6212,2010-05-12,Aries,8.6659,9.96
Jupiter,2010-07-23,Pisces,9.3924,2010-11-19,Aquarius,29.4823,9.91
Mercury,2010-08-21,Leo,25.0274,2010-09-13,Leo,11.3768,13.65
Venus,2010-10-08,Libra,19.2200,2010-11-19,Libra,3.6514,15.57
Mercury,2010-12-11,Sagittarius,11.8328,2010-12-30,Scorpio,25.6120,16.22
Saturn,2011-01-26,Virgo,23.2096,2011-06-13,Virgo,16.4226,6.79
Mercury,2011-03-31,Aries,0.3132,2011-04-23,Pisces,18.8672,11.45
Mercury,2011-08-03,Leo,7.1722,2011-08-27,Cancer,24.6943,12.48
Jupiter,2011-08-30,Aries,16.3305,2011-12-26,Aries,6.3359,9.99
Mercury,2011-11-24,Scorpio,26.0906,2011-12-14,Scorpio,9.8424,16.25
Mars,2012-01-24,Leo,29.0609,2012-04-14,Leo,9.6498,19.41
Saturn,2012-02-08,Libra,5.4760,2012-06-25,Virgo,28.7276,6.75
Mercury,2012-03-12,Pisces,12.7884,2012-04-04,Aquarius,29.8158,12.97
Venus,2012-05-16,Taurus,29.9424,2012-06-28,Taurus,13.4662,16.48
Mercury,2012-07-15,Cancer,18.4993,2012-08-08,Cancer,7.3930,11.11
Jupiter,2012-10-05,Taurus,22.3408,2013-01-30,Taurus,12.2833,10.06
Mercury,2012-11-07,Scorpio,10.2392,2012-11-27,Libra,24.1565,16.08
Saturn,2013-02-19,Libra,17.4811,2013-07-08,Libra,10.7688,6.71
Mercury,2013-02-23,Aquarius,25.8288,2013-03-18,Aquarius,11.6098,14.22
Mercury,2013-06-27,Gemini,29.0305,2013-07-21,Gemini,19.3368,9.69
Mercury,2013-10-21,Libra,24.3414,2013-11-11,Libra,8.4734,15.87
Jupiter,2013-11-07,Gemini,26.4576,2014-03-06,Gemini,16.3840,10.07
Venus,2013-12-22,Capricorn,4.9201,2014-02-01,Sagittarius,19.5075,15.41
Mercury,2014-02-07,Aquarius,9.2481,2014-03-01,Capricorn,24.1493,15.10
Mars,2014-03-02,Libra,3.4709,2014-05-20,Virgo,14.9667,18.50
Saturn,2014-03-03,Libra,29.2611,2014-07-21,Libra,22.5816,6.68
Mercury,2014-06-07,Gemini,9.1069,2014-07-02,Gemini,0.3569,8.75
Mercury,2014-10-05,Libra,8.2105,2014-10-26,Virgo,22.7399,15.47
Jupiter,2014-12-09,Cancer,28.5594,2015-04-09,Cancer,18.5205,10.04
Mercury,2015-01-22,Capricorn,22.9516,2015-02-12,Capricorn,7.2763,15.68
Saturn,2015-03-15,Scorpio,10.8589,2015-08-02,Scorpio,4.2071,6.65
Mercury,2015-05-19,Taurus,19.0687,2015-06-12,Taurus,10.5014,8.57
Venus,2015-07-25,Leo,6.6978,2015-09-06,Cancer,20.3123,16.39
Mercury,2015-09-18,Virgo,21.8148,2015-10-10,Virgo,6.8910,14.92
Mercury,2016-01-06,Capricorn,6.8757,2016-01-26,Sagittarius,20.8532,16.02
Jupiter,2016-01-08,Leo,29.1571,2016-05-10,Leo,19.1724,9.98
Saturn,2016-03-25,Scorpio,22.3223,2016-08-13,Scorpio,15.6911,6.63
Mars,2016-04-18,Scorpio,14.8111,2016-06-30,Libra,28.9733,15.84
Mercury,2016-04-29,Aries,29.4908,2016-05-23,Aries,20.2867,9.20
Mercury,2016-08-31,Virgo,4.9439,2016-09-22,Leo,20.7395,14.20
Mercury,2016-12-19,Sagittarius,21.0386,2017-01-08,Sagittarius,4.7564,16.28
Jupiter,2017-02-06,Virgo,29.0460,2017-06-10,Virgo,19.1194,9.93
Venus,2017-03-04,Pisces,19.0518,2017-04-15,Pisces,2.8136,16.24
Saturn,2017-04-06,Sagittarius,3.6990,2017-08-26,Scorpio,27.0821,6.62
Mercury,2017-04-10,Aries,10.7363,2017-05-04,Aries,0.1932,10.54
Mercury,2017-08-13,Leo,17.5299,2017-09-05,Leo,4.3233,13.21
Mercury,2017-12-03,Sagittarius,5.1959,2017-12-23,Scorpio,18.9116,16.28
Jupiter,2018-03-09,Libra,29.1148,2018-07-11,Libra,19.2332,9.88
Mercury,2018-03-23,Pisces,22.7843,2018-04-15,Pisces,10.6694,12.11
Saturn,2018-04-18,Sagittarius,15.0400,2018-09-06,Sagittarius,8.4279,6.61
Mars,2018-06-27,Capricorn,15.1040,2018-08-28,Capricorn,4.5017,10.60
Mercury,2018-07-26,Cancer,29.3398,2018-08-19,Cancer,17.4225,11.92
Venus,2018-10-06,Libra,16.7150,2018-11-16,Libra,1.1262,15.59
Mercury,2018-11-17,Scorpio,19.3608,2018-12-07,Scorpio,3.1854,16.18
Mercury,2019-03-06,Pisces,5.4867,2019-03-29,Aquarius,22.0142,13.47
Jupiter,2019-04-11,Sagittarius,0.2276,2019-08-12,Scorpio,20.3796,9.85
Saturn,2019-04-30,Sagittarius,26.3963,2019-09-18,Sagittarius,19.7820,6.61
Mercury,2019-07-08,Cancer,10.3285,2019-08-01,Gemini,29.8270,10.50
Mercury,2019-11-01,Scorpio,3.4583,2019-11-21,Libra,17.5011,15.96
Mercury,2020-02-17,Aquarius,18.7372,2020-03-10,Aquarius,4.0832,14.65
Saturn,2020-05-11,Capricorn,7.8204,2020-09-29,Capricorn,1.1951,6.63
Venus,2020-05-13,Taurus,27.7026,2020-06-25,Taurus,11.1989,16.50
Jupiter,2020-05-15,Capricorn,3.1025,2020-09-13,Sagittarius,23.2653,9.84
Mercury,2020-06-18,Gemini,20.6227,2020-07-12,Gemini,11.3543,9.27
Mars,2020-09-10,Aries,3.9978,2020-11-14,Pisces,21.0914,12.91
Mercury,2020-10-14,Libra,17.5140,2020-11-04,Libra,1.8073,15.71
Mercury,2021-01-31,Aquarius,2.2775,2021-02-21,Capricorn,16.8870,15.39
Saturn,2021-05-23,Capricorn,19.3661,2021-10-11,Capricorn,12.7221,6.64
Mercury,2021-05-30,Gemini,0.5535,2021-06-23,Taurus,21.9875,8.57
Jupiter,2021-06-21,Aquarius,8.0307,2021-10-18,Capricorn,28.1724,9.86
Mercury,2021-09-27,Libra,1.3128,2021-10-19,Virgo,16.0376,15.28
Venus,2021-12-19,Capricorn,2.3304,2022-01-29,Sagittarius,16.9155,15.41
Mercury,2022-01-14,Capricorn,16.1763,2022-02-04,Capricorn,0.2207,15.96
Mercury,2022-05-10,Taurus,10.6932,2022-06-03,Taurus,1.9218,8.77
Saturn,2022-06-05,Aquarius,1.0861,2022-10-23,Capricorn,24.4165,6.67
Jupiter,2022-07-29,Pisces,14.5477,2022-11-24,Pisces,4.6256,9.92
Mercury,2022-09-10,Virgo,14.7472,2022-10-02,Virgo,0.0291,14.72
Mars,2022-10-31,Gemini,1.4352,2023-01-13,Taurus,13.9556,17.48
Mercury,2022-12-29,Capricorn,0.1803,2023-01-19,Sagittarius,14.0208,16.16
Mercury,2023-04-21,Aries,21.4407,2023-05-15,Aries,11.6742,9.77
Saturn,2023-06-18,Aquarius,13.0279,2023-11-04,Aquarius,6.3257,6.70
Venus,2023-07-23,Leo,4.4154,2023-09-04,Cancer,18.0218,16.39
Mercury,2023-08-24,Leo,27.6456,2023-09-16,Leo,13.8504,13.80
Jupiter,2023-09-05,Aries,21.3947,2023-12-31,Aries,11.3905,10.00
Mercury,2023-12-13,Sagittarius,14.2956,2024-01-02,Scorpio,28.0006,16.30
Mercury,2024-04-02,Aries,3.0048,2024-04-26,Pisces,21.8243,11.18
Saturn,2024-06-30,Aquarius,25.2292,2024-11-16,Aquarius,18.4895,6.74
Mercury,2024-08-05,Leo,9.9005,2024-08-29,Cancer,27.2334,12.67
Jupiter,2024-10-09,Taurus,27.1353,2025-02-04,Taurus,17.0704,10.06
Mercury,2024-11-26,Scorpio,28.4551,2024-12-16,Scorpio,12.2229,16.23
Mars,2024-12-07,Cancer,11.9642,2025-02-24,Gemini,22.8074,19.16
Venus,2025-03-02,Pisces,16.6220,2025-04-13,Pisces,0.4187,16.20
Mercury,2025-03-15,Pisces,15.3761,2025-04-07,Pisces,2.6162,12.76
Saturn,2025-07-13,Pisces,7.7196,2025-11-28,Pisces,0.9376,6.78
Mercury,2025-07-18,Cancer,21.3566,2025-08-11,Cancer,10.0354,11.32
Mercury,2025-11-10,Scorpio,12.6053,2025-11-30,Libra,26.5382,16.07
Jupiter,2025-11-12,Cancer,0.9322,2026-03-11,Gemini,20.8628,10.07
Mercury,2026-02-26,Aquarius,28.3370,2026-03-21,Aquarius,14.2887,14.05
Mercury,2026-06-30,Cancer,2.0053,2026-07-24,Gemini,22.0999,9.91
Saturn,2026-07-27,Pisces,20.5187,2026-12-11,Pisces,13.6951,6.82
Venus,2026-10-03,Libra,14.2572,2026-11-14,Virgo,28.6335,15.62
Mercury,2026-10-24,Libra,26.7425,2026-11-14,Libra,10.8631,15.88
Jupiter,2026-12-13,Leo,2.7881,2027-04-13,Cancer,22.7546,10.03
Mars,2027-01-11,Leo,16.1853,2027-04-02,Cancer,26.6908,19.49
Mercury,2027-02-10,Aquarius,11.6890,2027-03-04,Capricorn,26.7342,14.95
Mercury,2027-06-11,Gemini,12.0969,2027-07-05,Gemini,3.2431,8.85
Saturn,2027-08-10,Aries,3.6333,2027-12-24,Pisces,26.7689,6.86
Mercury,2027-10-08,Libra,10.6311,2027-10-29,Virgo,25.1396,15.49
Jupiter,2028-01-12,Virgo,3.2592,2028-05-14,Leo,23.2836,9.98
Mercury,2028-01-24,Capricorn,25.4448,2028-02-15,Capricorn,9.7866,15.66
Venus,2028-05-11,Taurus,25.4238,2028-06-23,Taurus,8.9268,16.50
Mercury,2028-05-21,Taurus,22.0563,2028-06-14,Taurus,13.5003,8.56
Saturn,2028-08-23,Aries,17.0514,2029-01-06,Aries,10.1502,6.90
Mercury,2028-09-20,Virgo,24.2955,2028-10-11,Virgo,9.2176,15.08
Mercury,2029-01-07,Capricorn,9.3640,2029-01-28,Sagittarius,23.3067,16.06
Jupiter,2029-02-11,Libra,3.1535,2029-06-14,Virgo,23.2343,9.92
Mars,2029-02-14,Virgo,19.6534,2029-05-06,Virgo,0.6607,18.99
Mercury,2029-05-02,Taurus,2.3882,2029-05-26,Aries,23.3067,9.08
Mercury,2029-09-03,Virgo,7.5058,2029-09-25,Leo,23.1845,14.32
Saturn,2029-09-06,Taurus,0.7422,2030-01-19,Aries,23.8084,6.93
Venus,2029-12-17,Sagittarius,29.7428,2030-01-27,Sagittarius,14.3533,15.39
Mercury,2029-12-22,Sagittarius,23.4211,2030-01-11,Sagittarius,7.1604,16.26
Jupiter,2030-03-14,Scorpio,3.3483,2030-07-15,Libra,23.4742,9.87
Mercury,2030-04-13,Aries,13.5064,2030-05-07,Aries,3.1680,10.34
Mercury,2030-08-16,Leo,20.1969,2030-09-08,Leo,6.8181,13.38
Saturn,2030-09-21,Taurus,14.6550,2031-02-02,Taurus,7.6975,6.96
Mercury,2030-12-06,Sagittarius,7.5585,2030-12-26,Scorpio,21.2925,16.27
Mercury,2031-03-26,Pisces,25.4310,2031-04-18,Pisces,13.5431,11.89
Mars,2031-03-29,Libra,27.3370,2031-06-13,Libra,10.1376,17.20
Jupiter,2031-04-15,Sagittarius,4.6879,2031-08-16,Scorpio,24.8404,9.85
Venus,2031-07-21,Leo,2.1129,2031-09-02,Cancer,15.7272,16.39
Mercury,2031-07-29,Leo,2.1220,2031-08-22,Cancer,19.9973,12.12
Saturn,2031-10-05,Taurus,28.7234,2032-02-16,Taurus,21.7503,6.97
Mercury,2031-11-20,Scorpio,21.7178,2031-12-10,Scorpio,5.5631,16.15
Mercury,2032-03-08,Pisces,8.0315,2032-03-31,Aquarius,24.7619,13.27
Jupiter,2032-05-20,Capricorn,7.8315,2032-09-18,Sagittarius,27.9942,9.84
Mercury,2032-07-10,Cancer,13.2244,2032-08-03,Cancer,2.5074,10.72
Saturn,2032-10-19,Gemini,12.8657,2033-03-02,Gemini,5.8890,6.98
Mercury,2032-11-02,Scorpio,5.8919,2032-11-23,Libra,19.8853,16.01
Mercury,2033-02-19,Aquarius,21.2109,2033-03-13,Aquarius,6.7182,14.49
Venus,2033-02-28,Pisces,14.1939,2033-04-11,Aquarius,28.0418,16.15
Mars,2033-05-27,Sagittarius,18.1783,2033-08-02,Sagittarius,5.4698,12.71
Mercury,2033-06-21,Gemini,23.6130,2033-07-16,Gemini,14.2187,9.39
Jupiter,2033-06-26,Aquarius,12.9958,2033-10-23,Aquarius,3.1287,9.87
Mercury,2033-10-17,Libra,19.9176,2033-11-07,Libra,4.2060,15.71
Saturn,2033-11-02,Gemini,26.9971,2034-03-16,Gemini,20.0260,6.97
Mercury,2034-02-02,Aquarius,4.7824,2034-02-24,Capricorn,19.4261,15.36
Mercury,2034-06-02,Gemini,3.5787,2034-06-26,Taurus,24.9424,8.64
Jupiter,2034-08-03,Pisces,19.6103,2034-11-29,Pisces,9.6774,9.93
Mercury,2034-09-30,Libra,3.7667,2034-10-21,Virgo,18.3527,15.41
Venus,2034-10-01,Libra,11.7779,2034-11-12,Virgo,26.1385,15.64
Saturn,2034-11-16,Cancer,11.0320,2035-03-31,Cancer,4.0775,6.95
Mercury,2035-01-17,Capricorn,18.5866,2035-02-07,Capricorn,2.6956,15.89
Mercury,2035-05-14,Taurus,13.6209,2035-06-07,Taurus,4.9816,8.64
Mars,2035-08-15,Pisces,4.0809,2035-10-15,Aquarius,23.4029,10.68
Jupiter,2035-09-10,Aries,26.3631,2036-01-05,Aries,16.3481,10.01
Mercury,2035-09-13,Virgo,17.2596,2035-10-05,Virgo,2.4407,14.82
Saturn,2035-11-30,Cancer,24.8936,2036-04-13,Cancer,17.9632,6.93
Mercury,2036-01-01,Capricorn,2.5644,2036-01-21,Sagittarius,16.3792,16.19
Mercury,2036-04-24,Aries,24.2273,2036-05-17,Aries,14.6867,9.54
Venus,2036-05-09,Taurus,23.1529,2036-06-21,Taurus,6.6710,16.48
Mercury,2036-08-26,Virgo,0.2476,2036-09-18,Leo,16.3196,13.93
Jupiter,2036-10-14,Gemini,1.8681,2037-02-09,Taurus,21.7996,10.07
Saturn,2036-12-13,Leo,8.5182,2037-04-27,Leo,1.6193,6.90
Mercury,2036-12-15,Sagittarius,16.6627,2037-01-04,Sagittarius,0.3974,16.27
Mercury,2037-04-05,Aries,5.7140,2037-04-29,Pisces,24.7496,10.96
Mercury,2037-08-08,Leo,12.6116,2037-09-01,Cancer,29.7625,12.85
Mars,2037-10-13,Taurus,11.8810,2037-12-23,Aries,25.7438,16.14
Jupiter,2037-11-16,Cancer,5.4023,2038-03-16,Gemini,25.3360,10.07
Mercury,2037-11-29,Sagittarius,0.8145,2037-12-19,Scorpio,14.6115,16.20
Venus,2037-12-15,Sagittarius,27.1191,2038-01-24,Sagittarius,11.7552,15.36
Saturn,2037-12-26,Leo,21.8606,2038-05-11,Leo,14.9971,6.86
Mercury,2038-03-18,Pisces,17.9805,2038-04-11,Pisces,5.4831,12.50
Mercury,2038-07-21,Cancer,24.1934,2038-08-14,Cancer,12.6580,11.54
Mercury,2038-11-13,Scorpio,14.9622,2038-12-03,Libra,28.9232,16.04
Jupiter,2038-12-17,Leo,7.0565,2039-04-18,Cancer,27.0318,10.02
Saturn,2039-01-08,Virgo,4.8932,2039-05-25,Leo,28.0675,6.83
Mercury,2039-03-01,Pisces,0.8573,2039-03-24,Aquarius,16.9895,13.87
Mercury,2039-07-03,Cancer,4.9607,2039-07-27,Gemini,24.8419,10.12
Venus,2039-07-18,Cancer,29.8455,2039-08-30,Cancer,13.4331,16.41
Mercury,2039-10-27,Libra,29.1336,2039-11-16,Libra,13.1554,15.98
Mars,2039-11-24,Gemini,27.3418,2040-02-09,Gemini,8.6152,18.73
Jupiter,2040-01-17,Virgo,7.4270,2040-05-18,Leo,27.4611,9.97
Saturn,2040-01-21,Virgo,17.6087,2040-06-07,Virgo,10.8215,6.79
Mercury,2040-02-13,Aquarius,14.1332,2040-03-05,Capricorn,29.2768,14.86
Mercury,2040-06-13,Gemini,15.1110,2040-07-07,Gemini,6.1135,9.00
Mercury,2040-10-10,Libra,13.0437,2040-10-30,Virgo,27.4313,15.61
Mercury,2041-01-26,Capricorn,27.8700,2041-02-16,Capricorn,12.2419,15.63
Saturn,2041-02-02,Libra,0.0194,2041-06-20,Virgo,23.2700,6.75
Jupiter,2041-02-15,Libra,7.3304,2041-06-18,Virgo,27.4200,9.91
Venus,2041-02-25,Pisces,11.7667,2041-04-08,Aquarius,25.6149,16.15
Mercury,2041-05-25,Taurus,25.0215,2041-06-18,Taurus,16.5321,8.49
Mercury,2041-09-23,Virgo,26.7663,2041-10-14,Virgo,11.6153,15.15
Mars,2041-12-28,Leo,3.2128,2042-03-19,Cancer,13.7386,19.47
Mercury,2042-01-10,Capricorn,11.7549,2042-01-31,Sagittarius,25.7635,15.99
Saturn,2042-02-14,Libra,12.1558,2042-07-03,Libra,5.4414,6.71
Jupiter,2042-03-18,Scorpio,7.6253,2042-07-20,Libra,27.7561,9.87
Mercury,2042-05-05,Taurus,5.3034,2042-05-29,Aries,26.3382,8.97
Mercury,2042-09-05,Virgo,10.1089,2042-09-28,Leo,25.6284,14.48
Venus,2042-09-28,Libra,9.3272,2042-11-09,Virgo,23.6251,15.70
Mercury,2042-12-25,Sagittarius,25.7935,2043-01-14,Sagittarius,9.5695,16.22
Saturn,2043-02-26,Libra,24.0531,2043-07-16,Libra,17.3695,6.68
Mercury,2043-04-16,Aries,16.2945,2043-05-10,Aries,6.1564,10.14
Jupiter,2043-04-20,Sagittarius,9.1286,2043-08-21,Scorpio,29.2857,9.84
Mercury,2043-08-19,Leo,22.8437,2043-09-11,Leo,9.3004,13.54
Mercury,2043-12-09,Sagittarius,9.9156,2043-12-29,Scorpio,23.6830,16.23
Mars,2044-02-01,Virgo,6.4078,2044-04-22,Leo,17.1046,19.30
Saturn,2044-03-09,Scorpio,5.7514,2044-07-27,Libra,29.0918,6.66
Mercury,2044-03-28,Pisces,28.0952,2044-04-21,Pisces,16.4730,11.62
Venus,2044-05-06,Taurus,20.8963,2044-06-18,Taurus,4.3836,16.51
Jupiter,2044-05-25,Capricorn,12.4740,2044-09-23,Capricorn,2.6339,9.84
Mercury,2044-07-31,Leo,4.8845,2044-08-24,Cancer,22.5587,12.33
Mercury,2044-11-22,Scorpio,24.0713,2044-12-11,Scorpio,7.8661,16.21
Mercury,2045-03-11,Pisces,10.5865,2045-04-03,Aquarius,27.5248,13.06
Saturn,2045-03-21,Scorpio,17.2929,2045-08-09,Scorpio,10.6512,6.64
Jupiter,2045-07-01,Aquarius,17.8098,2045-10-28,Aquarius,7.9366,9.87
Mercury,2045-07-13,Cancer,16.1084,2045-08-06,Cancer,5.1765,10.93
Mercury,2045-11-05,Scorpio,8.2773,2045-11-25,Libra,22.1715,16.11
Venus,2045-12-12,Sagittarius,24.5234,2046-01-22,Sagittarius,9.1732,15.35
Mercury,2046-02-22,Aquarius,23.6909,2046-03-16,Aquarius,9.3691,14.32
Mars,2046-03-11,Libra,11.7254,2046-05-29,Virgo,23.6001,18.13
Saturn,2046-04-02,Scorpio,28.7228,2046-08-21,Scorpio,22.0913,6.63
Mercury,2046-06-25,Gemini,26.5693,2046-07-19,Gemini,17.0173,9.55
Jupiter,2046-08-08,Pisces,24.4896,2046-12-04,Pisces,14.5455,9.94
Mercury,2046-10-20,Libra,22.3127,2046-11-09,Libra,6.4831,15.83
Mercury,2047-02-05,Aquarius,7.2275,2047-02-27,Capricorn,21.9821,15.25
Saturn,2047-04-13,Sagittarius,10.0920,2047-09-02,Sagittarius,3.4634,6.63
Mercury,2047-06-06,Gemini,6.5586,2047-06-30,Taurus,27.9211,8.64
Venus,2047-07-16,Cancer,27.5667,2047-08-28,Cancer,11.1514,16.42
Jupiter,2047-09-15,Taurus,1.1618,2048-01-10,Aries,21.1385,10.02
Mercury,2047-10-03,Libra,6.2059,2047-10-24,Virgo,20.7323,15.47
Mercury,2048-01-20,Capricorn,20.9907,2048-02-10,Capricorn,5.1795,15.81
Saturn,2048-04-24,Sagittarius,21.4518,2048-09-13,Sagittarius,14.8197,6.63
Mars,2048-05-01,Scorpio,25.8330,2048-07-11,Scorpio,10.9797,14.85
Mercury,2048-05-16,Taurus,16.5837,2048-06-09,Taurus,7.9790,8.60
Mercury,2048-09-15,Virgo,19.7589,2048-10-07,Virgo,4.8518,14.91
Jupiter,2048-10-19,Gemini,6.4810,2049-02-14,Taurus,26.4123,10.07
Mercury,2049-01-03,Capricorn,4.9397,2049-01-23,Sagittarius,18.8063,16.13
Venus,2049-02-23,Pisces,9.3218,2049-04-06,Aquarius,23.2066,16.12
Mercury,2049-04-27,Aries,27.0888,2049-05-21,Aries,17.7401,9.35
Saturn,2049-05-06,Capricorn,2.8564,2049-09-25,Sagittarius,26.2146,6.64
Mercury,2049-08-29,Virgo,2.8343,2049-09-21,Leo,18.7859,14.05
Jupiter,2049-11-21,Cancer,9.8080,2050-03-20,Gemini,29.7455,10.06
Mercury,2049-12-18,Sagittarius,19.0201,2050-01-07,Sagittarius,2.7994,16.22
Mercury,2050-04-08,Aries,8.4474,2050-05-02,Pisces,27.6983,10.75
Saturn,2050-05-19,Capricorn,14.3589,2050-10-07,Capricorn,7.7027,6.66
Mars,2050-07-15,Aquarius,2.1393,2050-09-13,Capricorn,22.1416,10.00
Mercury,2050-08-11,Leo,15.3088,2050-09-04,Leo,2.2844,13.02
Venus,2050-09-26,Libra,6.8735,2050-11-07,Virgo,21.1475,15.73
Mercury,2050-12-02,Sagittarius,3.1681,2050-12-21,Scorpio,16.9246,16.24
Jupiter,2050-12-22,Leo,11.2925,2051-04-22,Leo,1.2754,10.02
Mercury,2051-03-21,Pisces,20.6047,2051-04-14,Pisces,8.3239,12.28
Saturn,2051-05-31,Capricorn,26.0135,2051-10-18,Capricorn,19.3352,6.68
Mercury,2051-07-24,Cancer,27.0081,2051-08-17,Cancer,15.2609,11.75
Mercury,2051-11-15,Scorpio,17.4007,2051-12-05,Scorpio,1.2000,16.20
Jupiter,2052-01-21,Virgo,11.5679,2052-05-23,Virgo,1.6093,9.96
Mercury,2052-03-03,Pisces,3.3896,2052-03-26,Aquarius,19.7093,13.68
Venus,2052-05-04,Taurus,18.6159,2052-06-16,Taurus,2.1171,16.50
Saturn,2052-06-12,Aquarius,7.8673,2052-10-30,Aquarius,1.1637,6.70
Mercury,2052-07-05,Cancer,7.8944,2052-07-29,Gemini,27.5630,10.33
Mars,2052-09-23,Aries,18.7844,2052-11-29,Aries,4.5930,14.19
Mercury,2052-10-29,Scorpio,1.5188,2052-11-18,Libra,15.5185,16.00
Mercury,2053-02-14,Aquarius,16.6835,2053-03-08,Aquarius,1.8839,14.80
Jupiter,2053-02-19,Libra,11.4640,2053-06-23,Libra,1.5581,9.91
Mercury,2053-06-16,Gemini,18.1172,2053-07-10,Gemini,8.9736,9.14
Saturn,2053-06-25,Aquarius,19.9649,2053-11-11,Aquarius,13.2307,6.73
Mercury,2053-10-12,Libra,15.5236,2053-11-02,Virgo,29.8054,15.72
Venus,2053-12-10,Sagittarius,21.9152,2054-01-19,Sagittarius,6.5973,15.32
Mercury,2054-01-29,Aquarius,0.2918,2054-02-19,Capricorn,14.7637,15.53
Jupiter,2054-03-23,Scorpio,11.8535,2054-07-24,Scorpio,1.9891,9.86
Mercury,2054-05-28,Taurus,28.0458,2054-06-21,Taurus,19.5099,8.54
Saturn,2054-07-08,Pisces,2.3423,2054-11-23,Aquarius,25.5744,6.77
Mercury,2054-09-26,Virgo,29.2209,2054-10-17,Virgo,14.0112,15.21
Mars,2054-11-09,Gemini,11.2821,2055-01-23,Taurus,23.2622,18.02
Mercury,2055-01-13,Capricorn,14.1395,2055-02-03,Sagittarius,28.2284,15.91
Jupiter,2055-04-25,Sagittarius,13.5633,2055-08-25,Sagittarius,3.7196,9.84
Mercury,2055-05-08,Taurus,8.2349,2055-06-01,Aries,29.3779,8.86
Venus,2055-07-14,Cancer,25.2902,2055-08-26,Cancer,8.8789,16.41
Saturn,2055-07-21,Pisces,15.0242,2055-12-06,Pisces,8.2214,6.80
Mercury,2055-09-08,Virgo,12.6466,2055-10-01,Leo,28.0664,14.58
Mercury,2055-12-28,Sagittarius,28.1559,2056-01-17,Sagittarius,11.9831,16.17
Mercury,2056-04-18,Aries,19.0931,2056-05-12,Aries,9.1524,9.94
Jupiter,2056-05-30,Capricorn,17.1808,2056-09-27,Capricorn,7.3382,9.84
Saturn,2056-08-03,Pisces,28.0204,2056-12-18,Pisces,21.1829,6.84
Mercury,2056-08-21,Leo,25.4763,2056-09-13,Leo,11.7773,13.70
Mercury,2056-12-11,Sagittarius,12.2654,2056-12-31,Scorpio,26.0808,16.18
Mars,2056-12-15,Cancer,19.8199,2057-03-05,Cancer,0.5142,19.31
Venus,2057-02-20,Pisces,6.8931,2057-04-03,Aquarius,20.7781,16.11
Mercury,2057-03-31,Aries,0.7704,2057-04-24,Pisces,19.3703,11.40
Jupiter,2057-07-06,Aquarius,22.7719,2057-11-02,Aquarius,12.8899,9.88
Mercury,2057-08-03,Leo,7.6360,2057-08-27,Cancer,25.1135,12.52
Saturn,2057-08-17,Aries,11.3244,2057-12-31,Aries,4.4535,6.87
Mercury,2057-11-25,Scorpio,26.4173,2057-12-14,Scorpio,10.2317,16.19
Mercury,2058-03-14,Pisces,13.1536,2058-04-06,Pisces,0.3045,12.85
Mercury,2058-07-16,Cancer,18.9850,2058-08-09,Cancer,7.8390,11.15
Jupiter,2058-08-13,Pisces,29.5702,2058-12-09,Pisces,19.6152,9.96
Saturn,2058-09-01,Aries,24.9104,2059-01-14,Aries,18.0096,6.90
Venus,2058-09-23,Libra,4.4329,2058-11-04,Virgo,18.6612,15.77
Mercury,2058-11-08,Scorpio,10.6563,2058-11-28,Libra,24.5396,16.12
Mars,2059-01-18,Leo,23.4818,2059-04-09,Leo,4.0124,19.47
Mercury,2059-02-25,Aquarius,26.1822,2059-03-19,Aquarius,12.0380,14.14
Mercury,2059-06-28,Gemini,29.5477,2059-07-22,Gemini,19.7938,9.75
Saturn,2059-09-15,Taurus,8.7339,2060-01-28,Taurus,1.8067,6.93
Jupiter,2059-09-20,Taurus,6.1572,2060-01-15,Aries,26.1269,10.03
Mercury,2059-10-23,Libra,24.7004,2059-11-12,Libra,8.8542,15.85
Mercury,2060-02-08,Aquarius,9.6756,2060-03-01,Capricorn,24.5539,15.12
Venus,2060-05-02,Taurus,16.3205,2060-06-14,Aries,29.8497,16.47
Mercury,2060-06-08,Gemini,9.5792,2060-07-02,Gemini,0.8168,8.76
Saturn,2060-09-29,Taurus,22.7348,2061-02-10,Taurus,15.7893,6.95
Mercury,2060-10-05,Libra,8.6421,2060-10-26,Virgo,23.1218,15.52
Jupiter,2060-10-23,Gemini,11.2334,2061-02-19,Gemini,1.1611,10.07
Mercury,2061-01-22,Capricorn,23.3894,2061-02-12,Capricorn,7.6740,15.72
Mars,2061-02-23,Virgo,27.3587,2061-05-14,Virgo,8.6084,18.75
Mercury,2061-05-19,Taurus,19.5555,2061-06-12,Taurus,10.9789,8.58
Mercury,2061-09-18,Virgo,22.2536,2061-10-10,Virgo,7.2722,14.98
Saturn,2061-10-13,Gemini,6.8471,2062-02-24,Taurus,29.8909,6.96
Jupiter,2061-11-25,Cancer,14.2566,2062-03-25,Cancer,4.1984,10.06
Venus,2061-12-07,Sagittarius,19.3176,2062-01-17,Sagittarius,4.0104,15.31
Mercury,2062-01-06,Capricorn,7.3104,2062-01-26,Sagittarius,21.2446,16.07
Mercury,2062-04-30,Aries,29.9780,2062-05-24,Aries,20.7658,9.21
Mercury,2062-09-01,Virgo,5.4047,2062-09-23,Leo,21.1565,14.25
Saturn,2062-10-28,Gemini,20.9864,2063-03-10,Gemini,14.0282,6.96
Mercury,2062-12-21,Sagittarius,21.3735,2063-01-10,Sagittarius,5.2114,16.16
Jupiter,2062-12-26,Leo,15.4804,2063-04-26,Leo,5.4682,10.01
Mars,2063-04-09,Scorpio,6.8687,2063-06-23,Libra,20.3503,16.52
Mercury,2063-04-11,Aries,11.2019,2063-05-05,Aries,0.6660,10.54
Venus,2063-07-11,Cancer,23.0316,2063-08-23,Cancer,6.5790,16.45
Mercury,2063-08-14,Leo,17.9832,2063-09-07,Leo,4.7913,13.19
Saturn,2063-11-11,Cancer,5.0645,2064-03-24,Gemini,28.1128,6.95
Mercury,2063-12-05,Sagittarius,5.5167,2063-12-24,Scorpio,19.2992,16.22
Jupiter,2064-01-25,Virgo,15.5968,2064-05-27,Virgo,5.6444,9.95
Mercury,2064-03-23,Pisces,23.2346,2064-04-16,Pisces,11.1728,12.06
Mercury,2064-07-26,Cancer,29.8006,2064-08-19,Cancer,17.8455,11.96
Mercury,2064-11-17,Scorpio,19.7739,2064-12-07,Scorpio,3.5663,16.21
Saturn,2064-11-24,Cancer,18.9976,2065-04-07,Cancer,12.0604,6.94
Venus,2065-02-18,Pisces,4.4393,2065-04-01,Aquarius,18.3496,16.09
Jupiter,2065-02-23,Libra,15.4712,2065-06-27,Libra,5.5702,9.90
Mercury,2065-03-06,Pisces,5.9244,2065-03-29,Aquarius,22.4394,13.48
Mars,2065-06-13,Capricorn,2.6085,2065-08-16,Sagittarius,21.1520,11.46
Mercury,2065-07-08,Cancer,10.8129,2065-08-01,Cancer,0.2695,10.54
Mercury,2065-11-01,Scorpio,3.8908,2065-11-21,Libra,17.8840,16.01
Saturn,2065-12-08,Leo,2.7147,2066-04-22,Cancer,25.8005,6.91
Mercury,2066-02-17,Aquarius,19.1586,2066-03-11,Aquarius,4.5054,14.65
Jupiter,2066-03-27,Scorpio,15.9911,2066-07-28,Scorpio,6.1274,9.86
Mercury,2066-06-19,Gemini,21.1189,2066-07-14,Gemini,11.8584,9.26
Venus,2066-09-21,Libra,1.9826,2066-11-02,Virgo,16.1935,15.79
Mercury,2066-10-15,Libra,17.9328,2066-11-05,Libra,2.1847,15.75
Saturn,2066-12-21,Leo,16.1633,2067-05-06,Leo,9.2765,6.89
Mercury,2067-02-01,Aquarius,2.7168,2067-02-22,Capricorn,17.3012,15.42
Jupiter,2067-04-30,Sagittarius,17.9666,2067-08-30,Sagittarius,8.1266,9.84
Mercury,2067-05-31,Gemini,1.0639,2067-06-24,Taurus,22.4735,8.59
Mars,2067-08-31,Pisces,21.2928,2067-11-02,Pisces,9.4615,11.83
Mercury,2067-09-28,Libra,1.7316,2067-10-20,Virgo,16.4127,15.32
Saturn,2068-01-03,Leo,29.3097,2068-05-19,Leo,22.4554,6.85
Mercury,2068-01-16,Capricorn,16.5226,2068-02-05,Capricorn,0.6305,15.89
Venus,2068-04-29,Taurus,14.0552,2068-06-11,Aries,27.5718,16.48
Mercury,2068-05-11,Taurus,11.1504,2068-06-04,Taurus,2.4415,8.71
Jupiter,2068-06-04,Capricorn,21.9419,2068-10-02,Capricorn,12.0956,9.85
Mercury,2068-09-10,Virgo,15.1779,2068-10-03,Virgo,0.5097,14.67
Mercury,2068-12-30,Capricorn,0.5124,2069-01-19,Sagittarius,14.4059,16.11
Saturn,2069-01-15,Virgo,12.1401,2069-06-01,Virgo,5.3211,6.82
Mercury,2069-04-22,Aries,21.8691,2069-05-15,Aries,12.1604,9.71
Jupiter,2069-07-12,Aquarius,27.8508,2069-11-07,Aquarius,17.9620,9.89
Mercury,2069-08-24,Leo,28.0967,2069-09-16,Leo,14.2505,13.85
Mars,2069-10-23,Taurus,23.2329,2070-01-04,Taurus,6.2842,16.95
Venus,2069-12-05,Sagittarius,16.6997,2070-01-14,Sagittarius,1.4081,15.29
Mercury,2069-12-14,Sagittarius,14.6089,2070-01-02,Scorpio,28.3905,16.22
Saturn,2070-01-28,Virgo,24.6588,2070-06-15,Virgo,17.8774,6.78
Mercury,2070-04-03,Aries,3.4660,2070-04-27,Pisces,22.2897,11.18
Mercury,2070-08-06,Leo,10.3643,2070-08-30,Cancer,27.6504,12.71
Jupiter,2070-08-19,Aries,4.7728,2070-12-14,Pisces,24.8065,9.97
Mercury,2070-11-27,Scorpio,28.8656,2070-12-17,Scorpio,12.6034,16.26
Saturn,2071-02-09,Libra,6.8868,2071-06-28,Libra,0.1418,6.74
Mercury,2071-03-17,Pisces,15.7406,2071-04-09,Pisces,3.1064,12.63
Venus,2071-07-09,Cancer,20.7746,2071-08-21,Cancer,4.3123,16.46
Mercury,2071-07-19,Cancer,21.8335,2071-08-13,Cancer,10.5261,11.31
Jupiter,2071-09-25,Taurus,11.2248,2072-01-20,Taurus,1.1820,10.04
Mercury,2071-11-11,Scorpio,13.0260,2071-12-01,Libra,26.9123,16.11
Mars,2071-12-02,Cancer,5.7273,2072-02-19,Gemini,16.7407,18.99
Saturn,2072-02-21,Libra,18.8543,2072-07-10,Libra,12.1449,6.71
Mercury,2072-02-28,Aquarius,28.6812,2072-03-21,Aquarius,14.7214,13.96
Mercury,2072-06-30,Cancer,2.5049,2072-07-24,Gemini,22.5482,9.96
Mercury,2072-10-25,Libra,27.0831,2072-11-14,Libra,11.2331,15.85
Jupiter,2072-10-28,Gemini,15.9956,2073-02-24,Gemini,5.9222,10.07
Mercury,2073-02-10,Aquarius,12.1228,2073-03-04,Capricorn,27.1377,14.99
Venus,2073-02-16,Pisces,1.9632,2073-03-30,Aquarius,15.9173,16.05
Saturn,2073-03-04,Scorpio,0.6007,2073-07-22,Libra,23.9228,6.68
Mercury,2073-06-11,Gemini,12.6005,2073-07-05,Gemini,3.7079,8.89
Mercury,2073-10-08,Libra,11.0698,2073-10-29,Virgo,25.5169,15.55
Jupiter,2073-11-29,Cancer,18.7047,2074-03-30,Cancer,8.6504,10.05
Mars,2074-01-05,Leo,10.5781,2074-03-27,Cancer,21.0770,19.50
Mercury,2074-01-25,Capricorn,25.7834,2074-02-15,Capricorn,10.1784,15.61
Saturn,2074-03-16,Scorpio,12.1700,2074-08-04,Scorpio,5.5196,6.65
Mercury,2074-05-23,Taurus,22.5164,2074-06-16,Taurus,14.0251,8.49
Venus,2074-09-19,Virgo,29.5456,2074-10-31,Virgo,13.7553,15.79
Mercury,2074-09-21,Virgo,24.7364,2074-10-13,Virgo,9.6939,15.04
Jupiter,2074-12-30,Leo,19.6991,2075-05-01,Leo,9.6965,10.00
Mercury,2075-01-09,Capricorn,9.6783,2075-01-29,Sagittarius,23.6954,15.98
Saturn,2075-03-28,Scorpio,23.6106,2075-08-16,Scorpio,16.9805,6.63
Mercury,2075-05-03,Taurus,2.8801,2075-05-27,Aries,23.7985,9.08
Mercury,2075-09-04,Virgo,7.9592,2075-09-26,Leo,23.5892,14.37
Mercury,2075-12-23,Sagittarius,23.8266,2076-01-12,Sagittarius,7.5564,16.27
Jupiter,2076-01-29,Virgo,19.7171,2076-05-31,Virgo,9.7711,9.95
Mars,2076-02-09,Virgo,13.8389,2076-04-30,Leo,24.6875,19.15
Saturn,2076-04-08,Sagittarius,4.9728,2076-08-27,Scorpio,28.3559,6.62
Mercury,2076-04-13,Aries,13.9696,2076-05-07,Aries,3.6436,10.33
Venus,2076-04-27,Taurus,11.7564,2076-06-09,Aries,25.2900,16.47
Mercury,2076-08-16,Leo,20.6459,2076-09-09,Leo,7.2952,13.35
Mercury,2076-12-06,Sagittarius,7.9751,2076-12-26,Scorpio,21.6805,16.29
Jupiter,2077-02-28,Libra,19.6282,2077-07-01,Libra,9.7342,9.89
Mercury,2077-03-26,Pisces,25.8767,2077-04-19,Pisces,14.0364,11.84
Saturn,2077-04-20,Sagittarius,16.3068,2077-09-08,Sagittarius,9.6955,6.61
Mercury,2077-07-30,Leo,2.5418,2077-08-22,Cancer,20.4215,12.12
Mercury,2077-11-20,Scorpio,22.1402,2077-12-10,Scorpio,5.9404,16.20
Venus,2077-12-02,Sagittarius,14.1254,2078-01-12,Scorpio,28.8284,15.30
Mercury,2078-03-09,Pisces,8.4747,2078-04-01,Aquarius,25.1929,13.28
Mars,2078-03-21,Libra,20.3250,2078-06-07,Libra,2.6694,17.66
Jupiter,2078-04-01,Scorpio,20.3194,2078-08-02,Scorpio,10.4628,9.86
Saturn,2078-05-01,Sagittarius,27.6646,2078-09-20,Sagittarius,21.0499,6.61
Mercury,2078-07-11,Cancer,13.7148,2078-08-05,Cancer,3.0082,10.71
Mercury,2078-11-04,Scorpio,6.2544,2078-11-24,Libra,20.2576,16.00
Mercury,2079-02-20,Aquarius,21.6452,2079-03-14,Aquarius,7.1493,14.50
Jupiter,2079-05-05,Sagittarius,22.5771,2079-09-04,Sagittarius,12.7398,9.84
Saturn,2079-05-14,Capricorn,9.0961,2079-10-02,Capricorn,2.4709,6.63
Mercury,2079-06-23,Gemini,24.0816,2079-07-17,Gemini,14.6697,9.41
Venus,2079-07-07,Cancer,18.4968,2079-08-19,Cancer,2.0383,16.46
Mercury,2079-10-18,Libra,20.3367,2079-11-08,Libra,4.5729,15.76
Mercury,2080-02-04,Aquarius,5.1386,2080-02-25,Capricorn,19.8470,15.29
Mars,2080-05-15,Sagittarius,7.8326,2080-07-23,Scorpio,24.1123,13.72
Saturn,2080-05-25,Capricorn,20.6560,2080-10-13,Capricorn,14.0110,6.64
Mercury,2080-06-02,Gemini,4.0732,2080-06-27,Taurus,25.4601,8.61
Jupiter,2080-06-09,Capricorn,26.8690,2080-10-07,Capricorn,17.0207,9.85
Mercury,2080-09-30,Libra,4.1844,2080-10-22,Virgo,18.8213,15.36
Mercury,2081-01-17,Capricorn,18.9954,2081-02-07,Capricorn,3.0984,15.90
Venus,2081-02-13,Aquarius,29.5063,2081-03-27,Aquarius,13.4659,16.04
Mercury,2081-05-14,Taurus,14.1141,2081-06-07,Taurus,5.4565,8.66
Saturn,2081-06-06,Aquarius,2.3949,2081-10-25,Capricorn,25.7237,6.67
Jupiter,2081-07-17,Pisces,2.9945,2081-11-13,Aquarius,23.0983,9.90
Mercury,2081-09-13,Virgo,17.6949,2081-10-05,Virgo,2.8480,14.85
Mercury,2082-01-01,Capricorn,2.9735,2082-01-22,Sagittarius,16.8339,16.14
Mercury,2082-04-25,Aries,24.7169,2082-05-19,Aries,15.2120,9.50
Saturn,2082-06-19,Aquarius,14.3608,2082-11-06,Aquarius,7.6571,6.70
Mars,2082-08-02,Aquarius,19.9240,2082-10-01,Aquarius,9.8308,10.09
Jupiter,2082-08-24,Aries,9.9115,2082-12-20,Pisces,29.9322,9.98
Mercury,2082-08-27,Virgo,0.6976,2082-09-19,Leo,16.7136,13.98
Venus,2082-09-16,Virgo,27.1341,2082-10-28,Virgo,11.2888,15.85
Mercury,2082-12-16,Sagittarius,17.0727,2083-01-05,Sagittarius,0.7825,16.29
Mercury,2083-04-06,Aries,6.1801,2083-04-30,Pisces,25.2260,10.95
Saturn,2083-07-02,Aquarius,26.5927,2083-11-18,Aquarius,19.8505,6.74
Mercury,2083-08-09,Leo,13.0692,2083-09-02,Leo,0.1726,12.90
Jupiter,2083-09-30,Taurus,16.1342,2084-01-25,Taurus,6.0848,10.05
Mercury,2083-11-30,Sagittarius,1.2315,2083-12-20,Scorpio,14.9856,16.25
Mercury,2084-03-18,Pisces,18.4185,2084-04-11,Pisces,5.9297,12.49
Venus,2084-04-25,Taurus,9.4646,2084-06-07,Aries,23.0201,16.44
Saturn,2084-07-15,Pisces,9.1182,2084-11-30,Pisces,2.3351,6.78
Mercury,2084-07-22,Cancer,24.6258,2084-08-15,Cancer,13.1427,11.48
Mars,2084-10-05,Taurus,2.2206,2084-12-13,Aries,16.8822,15.34
Jupiter,2084-11-02,Gemini,20.5816,2085-03-01,Gemini,10.5090,10.07
Mercury,2084-11-13,Scorpio,15.3936,2084-12-03,Libra,29.2944,16.10
Mercury,2085-03-01,Pisces,1.2865,2085-03-24,Aquarius,17.4218,13.86
Mercury,2085-07-03,Cancer,5.4529,2085-07-27,Gemini,25.2915,10.16
Saturn,2085-07-28,Pisces,21.9565,2085-12-13,Pisces,15.1308,6.83
Mercury,2085-10-27,Libra,29.5471,2085-11-17,Libra,13.6217,15.93
Venus,2085-11-30,Sagittarius,11.5110,2086-01-09,Scorpio,26.2183,15.29
Jupiter,2085-12-04,Cancer,23.0059,2086-04-03,Cancer,12.9592,10.05
Mercury,2086-02-13,Aquarius,14.5729,2086-03-07,Capricorn,29.7369,14.84
Mercury,2086-06-14,Gemini,15.6196,2086-07-08,Gemini,6.5916,9.03
Saturn,2086-08-11,Aries,5.1094,2086-12-26,Pisces,28.2427,6.87
Mercury,2086-10-11,Libra,13.4824,2086-11-01,Virgo,27.9135,15.57
Mars,2086-11-18,Gemini,20.5551,2087-02-02,Gemini,2.1049,18.45
Jupiter,2087-01-03,Leo,23.8314,2087-05-05,Leo,13.8353,10.00
Mercury,2087-01-27,Capricorn,28.2778,2087-02-18,Capricorn,12.6965,15.58
Mercury,2087-05-26,Taurus,25.5328,2087-06-19,Taurus,17.0105,8.52
Venus,2087-07-04,Cancer,16.2451,2087-08-16,Gemini,29.7596,16.49
Saturn,2087-08-26,Aries,18.5626,2088-01-08,Aries,11.6587,6.90
Mercury,2087-09-24,Virgo,27.2029,2087-10-15,Virgo,12.0159,15.19
Mercury,2088-01-11,Capricorn,12.1688,2088-02-01,Sagittarius,26.1518,16.02
Jupiter,2088-02-02,Virgo,23.8100,2088-06-04,Virgo,13.8731,9.94
Mercury,2088-05-05,Taurus,5.7873,2088-05-29,Aries,26.8294,8.96
Mercury,2088-09-06,Virgo,10.5034,2088-09-28,Leo,26.0219,14.48
Saturn,2088-09-08,Taurus,2.2841,2089-01-21,Aries,25.3484,6.94
Mars,2088-12-23,Cancer,27.4718,2089-03-13,Cancer,8.0564,19.42
Mercury,2088-12-25,Sagittarius,26.2080,2089-01-14,Sagittarius,9.9613,16.25
Venus,2089-02-11,Aquarius,27.0235,2089-03-25,Aquarius,11.0305,15.99
Jupiter,2089-03-04,Libra,23.8142,2089-07-05,Libra,13.9253,9.89
Mercury,2089-04-17,Aries,16.6988,2089-05-10,Aries,6.6297,10.07
Mercury,2089-08-19,Leo,23.2983,2089-09-12,Leo,9.7958,13.50
Saturn,2089-09-23,Taurus,16.2191,2090-02-04,Taurus,9.2604,6.96
Mercury,2089-12-09,Sagittarius,10.3395,2089-12-29,Scorpio,24.0651,16.27
Mercury,2090-03-29,Pisces,28.5380,2090-04-22,Pisces,16.9230,11.61
Jupiter,2090-04-05,Scorpio,24.7076,2090-08-06,Scorpio,14.8532,9.85
Mercury,2090-08-02,Leo,5.3152,2090-08-25,Cancer,22.9883,12.33
Venus,2090-09-14,Virgo,24.7098,2090-10-26,Virgo,8.8481,15.86
Saturn,2090-10-07,Gemini,0.3012,2091-02-18,Taurus,23.3270,6.97
Mercury,2090-11-23,Scorpio,24.4995,2090-12-13,Scorpio,8.3227,16.18
Mars,2091-01-26,Virgo,0.7839,2091-04-17,Leo,11.3884,19.40
Mercury,2091-03-12,Pisces,11.0435,2091-04-04,Aquarius,27.9695,13.07
Jupiter,2091-05-10,Sagittarius,27.2333,2091-09-08,Sagittarius,17.3952,9.84
Mercury,2091-07-14,Cancer,16.5932,2091-08-08,Cancer,5.6671,10.93
Saturn,2091-10-22,Gemini,14.4460,2092-03-03,Gemini,7.4680,6.98
Mercury,2091-11-07,Scorpio,8.6172,2091-11-27,Libra,22.6449,15.97
Mercury,2092-02-23,Aquarius,24.1379,2092-03-16,Aquarius,9.8076,14.33
Venus,2092-04-22,Taurus,7.1912,2092-06-04,Aries,20.7189,16.47
Jupiter,2092-06-14,Aquarius,1.7865,2092-10-12,Capricorn,21.9331,9.85
Mercury,2092-06-25,Gemini,27.0659,2092-07-19,Gemini,17.4624,9.60
Mercury,2092-10-20,Libra,22.7407,2092-11-10,Libra,6.9732,15.77
Saturn,2092-11-04,Gemini,28.5694,2093-03-18,Gemini,21.5980,6.97
Mercury,2093-02-06,Aquarius,7.5551,2093-02-27,Capricorn,22.3991,15.16
Mars,2093-03-04,Libra,5.3541,2093-05-22,Virgo,16.9151,18.44
Mercury,2093-06-06,Gemini,7.0643,2093-06-30,Taurus,28.3786,8.69
Jupiter,2093-07-22,Pisces,8.0647,2093-11-18,Aquarius,28.1559,9.91
Mercury,2093-10-03,Libra,6.6314,2093-10-24,Virgo,21.1325,15.50
Saturn,2093-11-18,Cancer,12.5868,2094-04-01,Cancer,5.6315,6.96
Venus,2093-11-27,Sagittarius,8.9264,2094-01-07,Scorpio,23.6262,15.30
Mercury,2094-01-20,Capricorn,21.4046,2094-02-10,Capricorn,5.5772,15.83
Mercury,2094-05-17,Taurus,17.0864,2094-06-10,Taurus,8.4740,8.61
Jupiter,2094-08-29,Aries,14.9417,2094-12-25,Aries,4.9518,9.99
Mercury,2094-09-16,Virgo,20.1932,2094-10-08,Virgo,5.2502,14.94
Saturn,2094-12-02,Cancer,26.4230,2095-04-16,Cancer,19.4938,6.93
Mercury,2095-01-04,Capricorn,5.3562,2095-01-24,Sagittarius,19.2059,16.15
Mars,2095-04-22,Scorpio,17.1806,2095-07-04,Scorpio,1.5224,15.66
Mercury,2095-04-28,Aries,27.5808,2095-05-22,Aries,18.2270,9.35
Venus,2095-07-02,Cancer,13.9809,2095-08-14,Gemini,27.5011,16.48
Mercury,2095-08-30,Virgo,3.2773,2095-09-22,Leo,19.1685,14.11
Jupiter,2095-10-04,Taurus,20.9569,2096-01-30,Taurus,10.8991,10.06
Saturn,2095-12-16,Leo,10.0171,2096-04-29,Leo,3.1204,6.90
Mercury,2095-12-19,Sagittarius,19.4419,2096-01-08,Sagittarius,3.1835,16.26
Mercury,2096-04-08,Aries,8.9088,2096-05-02,Pisces,28.1728,10.74
Mercury,2096-08-12,Leo,15.7128,2096-09-04,Leo,2.6857,13.03
Jupiter,2096-11-06,Gemini,25.1312,2097-03-05,Gemini,15.0579,10.07
Mercury,2096-12-02,Sagittarius,3.5923,2096-12-22,Scorpio,17.3754,16.22
Saturn,2096-12-28,Leo,23.3275,2097-05-13,Leo,16.4672,6.86
Venus,2097-02-09,Aquarius,24.5212,2097-03-22,Aquarius,8.5637,15.96
Mercury,2097-03-21,Pisces,21.0365,2097-04-14,Pisces,8.7651,12.27
Mars,2097-07-01,Capricorn,18.5825,2097-08-31,Capricorn,8.1460,10.44
Mercury,2097-07-25,Cancer,27.4484,2097-08-18,Cancer,15.7472,11.70
Mercury,2097-11-16,Scorpio,17.7511,2097-12-06,Scorpio,1.6797,16.07
Jupiter,2097-12-08,Cancer,27.3231,2098-04-08,Cancer,17.2822,10.04
Saturn,2098-01-10,Virgo,6.3280,2098-05-27,Leo,29.5067,6.82
Mercury,2098-03-04,Pisces,3.8159,2098-03-27,Aquarius,20.1379,13.68
Mercury,2098-07-06,Cancer,8.3877,2098-07-31,Gemini,28.0657,10.32
Venus,2098-09-11,Virgo,22.3275,2098-10-23,Virgo,6.4063,15.92
Mercury,2098-10-30,Scorpio,1.9342,2098-11-19,Libra,15.9108,16.02
Jupiter,2099-01-07,Leo,28.0120,2099-05-10,Leo,18.0270,9.98
Saturn,2099-01-23,Virgo,19.0113,2099-06-09,Virgo,12.2287,6.78
Mercury,2099-02-16,Aquarius,17.0287,2099-03-10,Aquarius,2.3533,14.68
Mercury,2099-06-18,Gemini,18.5825,2099-07-12,Gemini,9.4818,9.10
Mars,2099-09-14,Aries,7.2370,2099-11-18,Pisces,24.0874,13.15
Mercury,2099-10-14,Libra,15.8849,2099-11-03,Libra,0.1997,15.69
Mercury,2100-01-30,Aquarius,0.7110,2100-02-21,Capricorn,15.2301,15.48
Saturn,2100-02-04,Libra,1.3901,2100-06-23,Virgo,24.6452,6.74
Jupiter,2100-02-07,Virgo,27.9695,2100-06-10,Virgo,18.0427,9.93
Venus,2100-04-21,Taurus,4.8896,2100-06-03,Aries,18.4265,16.46
Mercury,2100-05-29,Taurus,28.5404,2100-06-22,Taurus,19.9813,8.56
Mercury,2100-09-27,Virgo,29.6631,2100-10-18,Virgo,14.4080,15.26
